"","X","site_code","Taxon","n_treat_years","sum.ctrl.cover","mean.ctrl.cover","sum.drt.cover","mean.drt.cover","sum.cover.response","mean.cover.response"
"4",4,"allmendb.ch","ACHILLEA MILLEFOLIUM",3,5.25,1.75,2.75,0.916666666666667,-2.5,-0.833333333333333
"5",5,"allmendb.ch","ALLIUM CARINATUM",3,0,0,0.25,0.25,0.25,0.25
"9",9,"allmendb.ch","ANTHYLLIS VULNERARIA",3,1.5,0.75,0,0,-1.5,-0.75
"13",13,"allmendb.ch","ASPERULA CYNANCHICA",3,0.75,0.375,0,0,-0.75,-0.375
"17",17,"allmendb.ch","BRACHYPODIUM PINNATUM",3,60.25,20.0833333333333,36,12,-24.25,-8.08333333333333
"21",21,"allmendb.ch","BRIZA MEDIA",3,7.25,2.41666666666667,7.25,2.41666666666667,0,0
"25",25,"allmendb.ch","BROMUS ERECTUS",3,47.25,15.75,44.75,14.9166666666667,-2.5,-0.833333333333334
"29",29,"allmendb.ch","CAREX CARYOPHYLLEA",3,35,11.6666666666667,35,11.6666666666667,0,0
"33",33,"allmendb.ch","CAREX FLACCA",3,4.5,2.25,0.25,0.25,-4.25,-2
"37",37,"allmendb.ch","CARLINA VULGARIS",3,0.25,0.25,0,0,-0.25,-0.25
"41",41,"allmendb.ch","CENTAUREA JACEA",3,6.75,2.25,2.75,1.375,-4,-0.875
"45",45,"allmendb.ch","CENTAUREA SCABIOSA",3,26,8.66666666666667,20.5,6.83333333333333,-5.5,-1.83333333333333
"49",49,"allmendb.ch","CREPIS BIENNIS",3,0.25,0.25,0.25,0.25,0,0
"53",53,"allmendb.ch","ECHIUM VULGARE",3,0.25,0.25,0.25,0.25,0,0
"57",57,"allmendb.ch","EUPHORBIA CYPARISSIAS",3,0.5,0.5,5.5,2.75,5,2.25
"62",62,"allmendb.ch","FESTUCA OVINA",3,3.5,1.75,4,1.33333333333333,0.5,-0.416666666666667
"67",67,"allmendb.ch","GALIUM VERUM",3,2.75,1.375,0,0,-2.75,-1.375
"71",71,"allmendb.ch","GLOBULARIA VULGARIS",3,6.75,2.25,1,0.5,-5.75,-1.75
"75",75,"allmendb.ch","HELIANTHEMUM NUMMULARIUM var. GRANDIFLORUM",3,16.25,5.41666666666667,15,5,-1.25,-0.416666666666667
"79",79,"allmendb.ch","HELICTOTRICHON PRATENSE",3,12,4,14.5,4.83333333333333,2.5,0.833333333333333
"83",83,"allmendb.ch","HIPPOCREPIS COMOSA",3,42.5,14.1666666666667,22.5,7.5,-20,-6.66666666666667
"87",87,"allmendb.ch","KNAUTIA ARVENSIS",3,0,0,1.5,1.5,1.5,1.5
"91",91,"allmendb.ch","LEUCANTHEMUM VULGARE",3,3.5,1.75,2,1,-1.5,-0.75
"95",95,"allmendb.ch","LINUM CATHARTICUM",3,4.5,2.25,3.5,1.16666666666667,-1,-1.08333333333333
"99",99,"allmendb.ch","LOTUS CORNICULATUS",3,2.5,0.833333333333333,3,1,0.5,0.166666666666667
"106",106,"allmendb.ch","PIMPINELLA SAXIFRAGA",3,7.25,2.41666666666667,7,2.33333333333333,-0.25,-0.083333333333333
"110",110,"allmendb.ch","PLANTAGO LANCEOLATA",3,0,0,0.25,0.25,0.25,0.25
"114",114,"allmendb.ch","POLYGALA VULGARIS",3,3,1,0.5,0.25,-2.5,-0.75
"118",118,"allmendb.ch","POTENTILLA GRANDIFLORA",3,3.25,1.08333333333333,1.25,0.416666666666667,-2,-0.666666666666667
"122",122,"allmendb.ch","PRUNELLA VULGARIS",3,60.25,20.0833333333333,22.5,7.5,-37.75,-12.5833333333333
"132",132,"allmendb.ch","SALVIA PRATENSIS",3,2.5,1.25,5.75,2.875,3.25,1.625
"136",136,"allmendb.ch","SANGUISORBA MINOR",3,9,3,5.25,1.75,-3.75,-1.25
"140",140,"allmendb.ch","SCABIOSA COLUMBARIA",3,7,2.33333333333333,1,1,-6,-1.33333333333333
"145",145,"allmendb.ch","TARAXACUM TARAXACUM",3,0.25,0.25,0,0,-0.25,-0.25
"149",149,"allmendb.ch","TEUCRIUM CHAMAEDRYS",3,0.5,0.5,11.25,11.25,10.75,10.75
"153",153,"allmendb.ch","THYMUS SERPYLLUM",3,7,2.33333333333333,4.5,1.5,-2.5,-0.833333333333333
"157",157,"allmendb.ch","TRIFOLIUM MONTANUM",3,1.25,1.25,0.25,0.25,-1,-1
"160",160,"allmendb.ch","TRIFOLIUM PRATENSE",3,0.75,0.375,0,0,-0.75,-0.375
"164",164,"allmendo.ch","ACHILLEA MILLEFOLIUM",3,2,2,1,1,-1,-1
"168",168,"allmendo.ch","ANTHYLLIS VULNERARIA",3,1,1,4,1.33333333333333,3,0.333333333333333
"172",172,"allmendo.ch","ASPERULA CYNANCHICA",3,1.25,0.625,3.25,1.625,2,1
"176",176,"allmendo.ch","BRACHYPODIUM PINNATUM",3,11.25,3.75,12.25,4.08333333333333,1,0.333333333333333
"180",180,"allmendo.ch","BRIZA MEDIA",3,4.25,1.41666666666667,5.5,1.83333333333333,1.25,0.416666666666667
"184",184,"allmendo.ch","BROMUS ERECTUS",3,63,21,44.75,14.9166666666667,-18.25,-6.08333333333333
"188",188,"allmendo.ch","CAREX CARYOPHYLLEA",3,26,8.66666666666667,33.75,11.25,7.75,2.58333333333333
"192",192,"allmendo.ch","CAREX FLACCA",3,1.75,1.75,1.25,1.25,-0.5,-0.5
"197",197,"allmendo.ch","CENTAUREA JACEA",3,2.5,0.833333333333333,4.75,2.375,2.25,1.54166666666667
"201",201,"allmendo.ch","CENTAUREA SCABIOSA",3,8.25,4.125,2.25,0.75,-6,-3.375
"206",206,"allmendo.ch","EUPHORBIA CYPARISSIAS",3,2.25,2.25,0.75,0.375,-1.5,-1.875
"211",211,"allmendo.ch","FESTUCA OVINA",3,20,6.66666666666667,22.5,7.5,2.5,0.833333333333333
"215",215,"allmendo.ch","GALIUM VERUM",3,3.75,1.25,1.75,0.875,-2,-0.375
"219",219,"allmendo.ch","GLOBULARIA VULGARIS",3,2.5,1.25,6,2,3.5,0.75
"223",223,"allmendo.ch","GYPSOPHILA REPENS",3,0.25,0.25,0.25,0.25,0,0
"227",227,"allmendo.ch","HELIANTHEMUM NUMMULARIUM var. GRANDIFLORUM",3,11.25,3.75,18.75,6.25,7.5,2.5
"231",231,"allmendo.ch","HELICTOTRICHON PRATENSE",3,5.75,1.91666666666667,9.75,3.25,4,1.33333333333333
"235",235,"allmendo.ch","HIPPOCREPIS COMOSA",3,13.75,4.58333333333333,7.75,2.58333333333333,-6,-2
"236",236,"allmendo.ch","KOELERIA PYRAMIDATA",3,0.25,0.25,0.25,0.25,0,0
"241",241,"allmendo.ch","LINUM CATHARTICUM",3,0.25,0.25,1,0.5,0.75,0.25
"245",245,"allmendo.ch","LOTUS CORNICULATUS",3,1.25,0.625,0.25,0.25,-1,-0.375
"251",251,"allmendo.ch","PIMPINELLA SAXIFRAGA",3,5.75,1.91666666666667,6,2,0.25,0.0833333333333333
"255",255,"allmendo.ch","PLANTAGO LANCEOLATA",3,1,0.5,0,0,-1,-0.5
"261",261,"allmendo.ch","POTENTILLA GRANDIFLORA",3,13.75,4.58333333333333,8.25,2.75,-5.5,-1.83333333333333
"265",265,"allmendo.ch","PRUNELLA VULGARIS",3,17.5,5.83333333333333,4.75,1.58333333333333,-12.75,-4.25
"269",269,"allmendo.ch","RHINANTHUS MINOR",3,0.25,0.25,0,0,-0.25,-0.25
"273",273,"allmendo.ch","SALVIA PRATENSIS",3,0.5,0.5,6.5,3.25,6,2.75
"277",277,"allmendo.ch","SANGUISORBA MINOR",3,0.25,0.25,0.75,0.75,0.5,0.5
"281",281,"allmendo.ch","SCABIOSA COLUMBARIA",3,0.25,0.25,2,1,1.75,0.75
"286",286,"allmendo.ch","TEUCRIUM CHAMAEDRYS",3,14.5,4.83333333333333,10.75,3.58333333333333,-3.75,-1.25
"290",290,"allmendo.ch","TEUCRIUM MONTANUM",3,9,9,0,0,-9,-9
"294",294,"allmendo.ch","THYMUS SERPYLLUM",3,5,1.66666666666667,4.75,1.58333333333333,-0.25,-0.0833333333333335
"298",298,"allmendo.ch","TRIFOLIUM MONTANUM",3,2.25,0.75,0.25,0.25,-2,-0.5
"301",301,"antelope.us","CHENOPODIUM ALBUM",3,4.3,0.614285714285714,3.7,0.616666666666667,-0.6,0.00238095238095237
"305",305,"antelope.us","CHONDROSUM ERIOPODUM",3,32.5,4.0625,10.3,1.2875,-22.2,-2.775
"312",312,"antelope.us","HILARIA JAMESII",3,11.85,1.48125,1.9,0.316666666666667,-9.95,-1.16458333333333
"315",315,"antelope.us","LINUM LEWISII",3,0,0,0.4,0.4,0.4,0.4
"318",318,"antelope.us","MENTZELIA MONTANA",3,3.6,0.45,1.2,0.2,-2.4,-0.25
"322",322,"antelope.us","POMARIA JAMESII",3,3.5,3.5,0,0,-3.5,-3.5
"326",326,"antelope.us","SALSOLA KALI",3,28.18,3.5225,42.22,5.2775,14.04,1.755
"331",331,"antelope.us","SPHAERALCEA HASTULATA",3,0,0,9,9,9,9
"335",335,"ayora.es","APHYLLANTHES MONSPELIENSIS",3,0,0,1,1,1,1
"338",338,"ayora.es","ARGYROLOBIUM ZANONII",3,4,2,1,1,-3,-1
"343",343,"ayora.es","BRACHYPODIUM RETUSUM",3,71,11.8333333333333,93,31,22,19.1666666666667
"344",344,"ayora.es","BUPLEURUM FRUTICESCENS",3,1,1,0,0,-1,-1
"347",347,"ayora.es","CAREX DISTACHYA",3,4,2,0,0,-4,-2
"350",350,"ayora.es","CISTUS ALBIDUS",3,108,18,58,19.3333333333333,-50,1.33333333333333
"353",353,"ayora.es","CISTUS CLUSII",3,7,2.33333333333333,2,1,-5,-1.33333333333333
"356",356,"ayora.es","CORIS MONSPELIENSIS",3,1,1,0,0,-1,-1
"357",357,"ayora.es","DAPHNE GNIDIUM",3,1,1,0,0,-1,-1
"359",359,"ayora.es","DORYCNIUM HIRSUTUM",3,2,2,0,0,-2,-2
"362",362,"ayora.es","DORYCNIUM PENTAPHYLLUM",3,91,15.1666666666667,33,16.5,-58,1.33333333333333
"365",365,"ayora.es","FUMANA ERICIFOLIA",3,17,4.25,4,4,-13,-0.25
"366",366,"ayora.es","FUMANA ERICOIDES",3,3,3,0,0,-3,-3
"369",369,"ayora.es","FUMANA LAEVIPES",3,8,8,0,0,-8,-8
"372",372,"ayora.es","FUMANA THYMIFOLIA",3,9,3,0,0,-9,-3
"377",377,"ayora.es","GALIUM LUCIDUM",3,3,3,7,3.5,4,0.5
"383",383,"ayora.es","HELIANTHEMUM CINEREUM",3,12,3,14,4.66666666666667,2,1.66666666666667
"386",386,"ayora.es","HELICTOTRICHON FILIFOLIUM",3,99,16.5,12,4,-87,-12.5
"387",387,"ayora.es","JUNIPERUS OXYCEDRUS",3,1,1,0,0,-1,-1
"388",388,"ayora.es","LAVANDULA ANGUSTIFOLIA",3,1,1,0,0,-1,-1
"389",389,"ayora.es","LAVANDULA LATIFOLIA",3,1,1,0,0,-1,-1
"392",392,"ayora.es","LINUM SUFFRUTICOSUM",3,63,15.75,3,3,-60,-12.75
"395",395,"ayora.es","LITHODORA FRUTICOSA",3,2,2,0,0,-2,-2
"398",398,"ayora.es","ONONIS MINUTISSIMA",3,23,4.6,9,4.5,-14,-0.0999999999999996
"399",399,"ayora.es","PHAGNALON RUPESTRE",3,1,1,0,0,-1,-1
"404",404,"ayora.es","POLYGALA RUPESTRIS",3,2,1,0,0,-2,-1
"408",408,"ayora.es","ROSMARINUS OFFICINALIS",3,459,76.5,251,83.6666666666667,-208,7.16666666666667
"411",411,"ayora.es","RUBIA PEREGRINA",3,1,1,0,0,-1,-1
"413",413,"ayora.es","SANGUISORBA MINOR",3,3,1,0,0,-3,-1
"418",418,"ayora.es","TEUCRIUM CAPITATUM",3,12,2,0,0,-12,-2
"422",422,"ayora.es","THESIUM HUMIFUSUM",3,4,1.33333333333333,0,0,-4,-1.33333333333333
"426",426,"ayora.es","THYMUS VULGARIS",3,14,14,0,0,-14,-14
"429",429,"ayora.es","ULEX PARVIFLORUS",3,183,30.5,81,27,-102,-3.5
"432",432,"baddrt.de","ACHILLEA MILLEFOLIUM",3,0.5,0.5,0,0,-0.5,-0.5
"436",436,"baddrt.de","APERA SPICA-VENTI",3,13,1.625,0.5,0.5,-12.5,-1.125
"438",438,"baddrt.de","BROMUS ARVENSIS",3,0.5,0.5,0,0,-0.5,-0.5
"442",442,"baddrt.de","BROMUS HORDEACEUS",3,37,5.28571428571429,11,3.66666666666667,-26,-1.61904761904762
"446",446,"baddrt.de","BROMUS STERILIS",3,15,2.5,15.1,7.55,0.0999999999999996,5.05
"450",450,"baddrt.de","CERASTIUM FONTANUM",3,0,0,4,4,4,4
"452",452,"baddrt.de","CICHORIUM INTYBUS",3,1,1,0,0,-1,-1
"455",455,"baddrt.de","CIRSIUM ARVENSE",3,10,1.66666666666667,2.1,0.7,-7.9,-0.966666666666667
"460",460,"baddrt.de","CREPIS BIENNIS",3,17.5,2.91666666666667,0,0,-17.5,-2.91666666666667
"464",464,"baddrt.de","CREPIS CAPILLARIS",3,3,1.5,0.5,0.5,-2.5,-1
"465",465,"baddrt.de","DACTYLIS GLOMERATA",3,0.5,0.5,0,0,-0.5,-0.5
"476",476,"baddrt.de","FESTUCA RUBRA",3,2,2,0,0,-2,-2
"482",482,"baddrt.de","GEUM URBANUM",3,0,0,1,1,1,1
"485",485,"baddrt.de","HYPERICUM PERFORATUM",3,0.5,0.5,0,0,-0.5,-0.5
"489",489,"baddrt.de","HYPOCHAERIS RADICATA",3,2,2,0,0,-2,-2
"490",490,"baddrt.de","LACTUCA SERRIOLA",3,0.5,0.5,0,0,-0.5,-0.5
"493",493,"baddrt.de","LEUCANTHEMUM VULGARE",3,1,1,0,0,-1,-1
"497",497,"baddrt.de","LOLIUM PERENNE",3,1.5,0.75,1,0.5,-0.5,-0.25
"500",500,"baddrt.de","MEDICAGO LUPULINA",3,17.5,3.5,2.5,1.25,-15,-2.25
"505",505,"baddrt.de","PICRIS HIERACIOIDES",3,183,18.3,52,10.4,-131,-7.9
"509",509,"baddrt.de","PLANTAGO LANCEOLATA",3,1.5,0.75,1,1,-0.5,0.25
"510",510,"baddrt.de","POA ANGUSTIFOLIA",3,0.5,0.5,1,1,0.5,0.5
"515",515,"baddrt.de","POA TRIVIALIS",3,4,0.8,1,1,-3,0.2
"517",517,"baddrt.de","POLYGONUM AVICULARE",3,0.1,0.1,0,0,-0.1,-0.1
"521",521,"baddrt.de","RUMEX CRISPUS",3,0,0,0.5,0.5,0.5,0.5
"527",527,"baddrt.de","SOLIDAGO CANADENSIS",3,1,0.5,1,0.5,0,0
"532",532,"baddrt.de","TARAXACUM TARAXACUM",3,55,5.5,23,4.6,-32,-0.9
"534",534,"baddrt.de","TRAGOPOGON DUBIUS",3,2.5,0.625,2,0.666666666666667,-0.5,0.0416666666666666
"538",538,"baddrt.de","TRIFOLIUM CAMPESTRE",3,27,6.75,0,0,-27,-6.75
"541",541,"baddrt.de","TRIFOLIUM REPENS",3,58,14.5,0.5,0.5,-57.5,-14
"545",545,"baddrt.de","TRIPLEUROSPERMUM INODORUM",3,0.5,0.5,0,0,-0.5,-0.5
"547",547,"baddrt.de","VERONICA ARVENSIS",3,0,0,0.5,0.5,0.5,0.5
"550",550,"baddrt.de","VICIA HIRSUTA",3,188,20.8888888888889,23.5,5.875,-164.5,-15.0138888888889
"554",554,"baddrt.de","VICIA SATIVA",3,32,4.57142857142857,35,17.5,3,12.9285714285714
"558",558,"baddrt.de","VULPIA MYUROS",3,132,13.2,26,5.2,-106,-8
"562",562,"bayrdrt.de","ACHILLEA MILLEFOLIUM",3,0.1,0.1,25,25,24.9,24.9
"566",566,"bayrdrt.de","AGROSTIS CAPILLARIS",3,2,2,7,7,5,5
"570",570,"bayrdrt.de","ALOPECURUS PRATENSIS",3,110,36.6666666666667,120,24,10,-12.6666666666667
"574",574,"bayrdrt.de","ANTHOXANTHUM ODORATUM",3,86,17.2,62,12.4,-24,-4.8
"579",579,"bayrdrt.de","ARRHENATHERUM ELATIUS",3,2,2,81,16.2,79,14.2
"583",583,"bayrdrt.de","BELLIS PERENNIS",3,3,3,7,3.5,4,0.5
"588",588,"bayrdrt.de","BETULA PENDULA",3,0,0,0.2,0.1,0.2,0.1
"589",589,"bayrdrt.de","CENTAUREA JACEA",3,70,35,6.5,3.25,-63.5,-31.75
"594",594,"bayrdrt.de","CERASTIUM FONTANUM",3,2.1,0.7,5.5,2.75,3.4,2.05
"598",598,"bayrdrt.de","CREPIS BIENNIS",3,1,1,0,0,-1,-1
"603",603,"bayrdrt.de","CYNOSURUS CRISTATUS",3,0,0,0.1,0.1,0.1,0.1
"607",607,"bayrdrt.de","DACTYLIS GLOMERATA",3,16,8,22.5,7.5,6.5,-0.5
"611",611,"bayrdrt.de","ELYMUS REPENS",3,0,0,0.1,0.1,0.1,0.1
"612",612,"bayrdrt.de","FESTUCA PRATENSIS",3,0,0,33,11,33,11
"616",616,"bayrdrt.de","FESTUCA RUBRA",3,102,20.4,60,12,-42,-8.4
"620",620,"bayrdrt.de","GALIUM ALBUM",3,64,12.8,52,17.3333333333333,-12,4.53333333333333
"628",628,"bayrdrt.de","HOLCUS LANATUS",3,17,4.25,0.2,0.1,-16.8,-4.15
"636",636,"bayrdrt.de","KNAUTIA ARVENSIS",3,61,20.3333333333333,40,40,-21,19.6666666666667
"641",641,"bayrdrt.de","LEUCANTHEMUM IRCUTIANUM",3,0.1,0.1,0.1,0.1,0,0
"646",646,"bayrdrt.de","LOLIUM PERENNE",3,0.1,0.1,32,16,31.9,15.9
"651",651,"bayrdrt.de","LOTUS CORNICULATUS",3,28.1,9.36666666666667,0,0,-28.1,-9.36666666666667
"656",656,"bayrdrt.de","LUZULA CAMPESTRIS",3,0.1,0.1,0,0,-0.1,-0.1
"659",659,"bayrdrt.de","LYSIMACHIA NEMORUM",3,0,0,1,1,1,1
"662",662,"bayrdrt.de","PILOSELLA AURANTIACA",3,0,0,6,3,6,3
"667",667,"bayrdrt.de","PILOSELLA PILOSELLOIDES",3,1,1,35,35,34,34
"671",671,"bayrdrt.de","PLANTAGO LANCEOLATA",3,65.5,13.1,56,11.2,-9.5,-1.9
"676",676,"bayrdrt.de","POA PRATENSIS",3,0.1,0.1,0,0,-0.1,-0.1
"681",681,"bayrdrt.de","POA TRIVIALIS",3,0,0,0.1,0.1,0.1,0.1
"683",683,"bayrdrt.de","PRUNUS SPINOSA",3,0,0,0.1,0.1,0.1,0.1
"688",688,"bayrdrt.de","RANUNCULUS ACRIS",3,13.1,3.275,9,3,-4.1,-0.275
"693",693,"bayrdrt.de","RHINANTHUS MINOR",3,0.1,0.1,0,0,-0.1,-0.1
"696",696,"bayrdrt.de","RUMEX ACETOSA",3,7.2,1.44,11,2.2,3.8,0.76
"701",701,"bayrdrt.de","SCORZONEROIDES AUTUMNALIS",3,0,0,0.5,0.5,0.5,0.5
"704",704,"bayrdrt.de","TARAXACUM TARAXACUM",3,9.1,2.275,8,4,-1.1,1.725
"708",708,"bayrdrt.de","TRIFOLIUM DUBIUM",3,0,0,0.1,0.1,0.1,0.1
"712",712,"bayrdrt.de","TRIFOLIUM INCARNATUM",3,0,0,0.1,0.1,0.1,0.1
"713",713,"bayrdrt.de","TRIFOLIUM PRATENSE",3,26,5.2,5.2,1.73333333333333,-20.8,-3.46666666666667
"718",718,"bayrdrt.de","TRIFOLIUM REPENS",3,1,1,1.1,0.55,0.1,-0.45
"720",720,"bayrdrt.de","TRISETUM FLAVESCENS",3,5,2.5,16,5.33333333333333,11,2.83333333333333
"725",725,"bayrdrt.de","VERONICA ARVENSIS",3,0,0,0.1,0.1,0.1,0.1
"728",728,"bayrdrt.de","VERONICA CHAMAEDRYS",3,30,30,0,0,-30,-30
"736",736,"bayrdrt.de","VICIA CRACCA",3,0.1,0.1,0,0,-0.1,-0.1
"740",740,"bayrdrt.de","VICIA HIRSUTA",3,0.2,0.1,3.1,1.55,2.9,1.45
"744",744,"bayrdrt.de","VICIA SATIVA",3,0.1,0.1,0,0,-0.1,-0.1
"747",747,"bayrdrt.de","VICIA SEPIUM",3,0.1,0.1,45,22.5,44.9,22.4
"751",751,"bayrdrt.de","VICIA TETRASPERMA",3,0,0,3.1,1.55,3.1,1.55
"754",754,"bfl.us","AGALINIS PURPUREA",3,0.2,0.2,0.4,0.4,0.2,0.2
"758",758,"bfl.us","AMBROSIA PSILOSTACHYA",3,3.5,3.5,0,0,-3.5,-3.5
"762",762,"bfl.us","ANDROPOGON GLOMERATUS",3,21,21,144,48,123,27
"767",767,"bfl.us","CROTON GLANDULOSUS",3,4.2,1.4,2.6,0.866666666666667,-1.6,-0.533333333333333
"771",771,"bfl.us","CROTON LINDHEIMERIANUS",3,1.9,0.633333333333333,2.5,2.5,0.6,1.86666666666667
"775",775,"bfl.us","DESMANTHUS ACUMINATUS",3,6,3,17,8.5,11,5.5
"779",779,"bfl.us","DICHANTHELIUM OLIGOSANTHES",3,2.1,0.7,2.6,0.866666666666667,0.5,0.166666666666667
"782",782,"bfl.us","DIODIA TERES",3,13.9,6.95,1.1,1.1,-12.8,-5.85
"786",786,"bfl.us","EVOLVULUS SERICEUS",3,0.6,0.6,1.2,0.6,0.6,0
"790",790,"bfl.us","GALACTIA MARGINALIS",3,0,0,3.6,3.6,3.6,3.6
"795",795,"bfl.us","HELENIUM AMARUM",3,12,4,4.7,2.35,-7.3,-1.65
"799",799,"bfl.us","HETEROPOGON CONTORTUS",3,10,10,10,10,0,0
"802",802,"bfl.us","HYPERICUM DRUMMONDII",3,0.9,0.9,0,0,-0.9,-0.9
"809",809,"bfl.us","LECHEA SAN-SABEANA",3,0.5,0.25,5.2,2.6,4.7,2.35
"813",813,"bfl.us","LIATRIS PUNCTATA",3,66,22,33.5,16.75,-32.5,-5.25
"816",816,"bfl.us","LUPINUS TEXENSIS",3,0.1,0.1,0.2,0.2,0.1,0.1
"817",817,"bfl.us","MIMOSA TEXANA",3,5.1,5.1,1,1,-4.1,-4.1
"819",819,"bfl.us","OXALIS DILLENII",3,0,0,2.4,2.4,2.4,2.4
"823",823,"bfl.us","PHYLLANTHUS POLYGONOIDES",3,0,0,1,1,1,1
"826",826,"bfl.us","PLANTAGO RHODOSPERMA",3,0.9,0.9,0,0,-0.9,-0.9
"832",832,"bfl.us","RUDBECKIA HIRTA",3,18.1,9.05,38.2,12.7333333333333,20.1,3.68333333333333
"842",842,"bfl.us","THELESPERMA FILIFOLIUM",3,5,2.5,7.8,2.6,2.8,0.1
"845",845,"biddulph.ca","ANDROSACE SEPTENTRIONALIS",3,0.5,0.5,0,0,-0.5,-0.5
"850",850,"biddulph.ca","ARTEMISIA FRIGIDA",3,9,4.5,18.5,9.25,9.5,4.75
"855",855,"biddulph.ca","ARTEMISIA LUDOVICIANA",3,0,0,3,3,3,3
"861",861,"biddulph.ca","CAMPANULA ROTUNDIFOLIA",3,0,0,4,4,4,4
"866",866,"biddulph.ca","CERASTIUM ARVENSE",3,0,0,1,1,1,1
"874",874,"biddulph.ca","ELYMUS SMITHII",3,0.5,0.5,1,0.5,0.5,0
"880",880,"biddulph.ca","HELICTOTRICHON HOOKERI",3,0.5,0.5,0,0,-0.5,-0.5
"886",886,"biddulph.ca","KOELERIA MACRANTHA",3,0.5,0.5,0,0,-0.5,-0.5
"889",889,"biddulph.ca","LIATRIS PUNCTATA",3,0,0,0.5,0.5,0.5,0.5
"894",894,"biddulph.ca","LYGODESMIA JUNCEA",3,1.5,0.75,0,0,-1.5,-0.75
"899",899,"biddulph.ca","PSORALEA LANCEOLATA",3,6,2,14,4.66666666666667,8,2.66666666666667
"904",904,"biddulph.ca","ROSA ARKANSANA",3,3,3,2,2,-1,-1
"909",909,"biddulph.ca","SELAGINELLA DENSA",3,5,5,1,1,-4,-4
"914",914,"biddulph.ca","SOLIDAGO MISSOURIENSIS",3,2,2,0,0,-2,-2
"919",919,"biddulph.ca","STIPA COMATA",3,25,12.5,25.5,8.5,0.5,-4
"923",923,"bivensarm.us","ACALYPHA ARVENSIS",3,0,0,0.1,0.05,0.1,0.05
"929",929,"bivensarm.us","ACER RUBRUM",3,0.033333334,0.016666667,0,0,-0.033333334,-0.016666667
"936",936,"bivensarm.us","AMBROSIA ARTEMISIIFOLIA",3,2.85,0.95,5.516666667,1.838888889,2.666666667,0.888888889
"941",941,"bivensarm.us","AMPELOPSIS ARBOREA",3,0.150000001,0.03750000025,0,0,-0.150000001,-0.03750000025
"947",947,"bivensarm.us","ANAGALLIS ARVENSIS",3,0.200000001,0.066666667,0.033333334,0.016666667,-0.166666667,-0.05
"953",953,"bivensarm.us","ANDROPOGON BRACHYSTACHYUS",3,3.433333333,1.14444444433333,1.666666667,1.666666667,-1.766666666,0.522222222666667
"956",956,"bivensarm.us","ANDROPOGON VIRGINICUS",3,0.116666666,0.058333333,0.1,0.05,-0.016666666,-0.008333333
"959",959,"bivensarm.us","ARISTIDA STRICTA",3,13.566666666,1.1305555555,10.283333334,1.46904761914286,-3.283333332,0.338492063642857
"967",967,"bivensarm.us","BIDENS PILOSA",3,84.16666667,5.61111111133333,151.266666663,8.89803921547059,67.099999993,3.28692810413725
"974",974,"bivensarm.us","BOTHRIOCHLOA PERTUSA",3,146.133333339,10.4380952385,120.183333331,8.58452380935714,-25.950000008,-1.85357142914286
"984",984,"bivensarm.us","COMMELINA DIFFUSA",3,0.033333334,0.016666667,0.083333335,0.016666667,0.050000001,0
"988",988,"bivensarm.us","CONYZA CANADENSIS",3,0.033333334,0.016666667,1.016666667,0.1694444445,0.983333333,0.1527777775
"997",997,"bivensarm.us","CROTALARIA LANCEOLATA",3,0.016666667,0.016666667,0.466666667,0.11666666675,0.45,0.09999999975
"1004",1004,"bivensarm.us","CYCLOSPERMUM LEPTOPHYLLUM",3,0.3,0.075,0.133333334,0.0333333335,-0.166666666,-0.0416666665
"1008",1008,"bivensarm.us","CYNODON DACTYLON",3,0.200000001,0.0400000002,2.766666667,0.461111111166667,2.566666666,0.421111110966667
"1015",1015,"bivensarm.us","DESMODIUM HETEROCARPON",3,0.1,0.1,2.516666667,1.2583333335,2.416666667,1.1583333335
"1019",1019,"bivensarm.us","DESMODIUM PANICULATUM",3,1.666666667,1.666666667,0,0,-1.666666667,-1.666666667
"1025",1025,"bivensarm.us","DICHANTHELIUM LAXIFLORUM",3,0.833333333,0.833333333,0,0,-0.833333333,-0.833333333
"1028",1028,"bivensarm.us","DICHONDRA CAROLINENSIS",3,19.633333333,1.63611111108333,3.166666667,0.351851851888889,-16.466666666,-1.28425925919444
"1042",1042,"bivensarm.us","ERAGROSTIS SPECTABILIS",3,28.383333331,2.8383333331,34.116666668,3.10151515163636,5.733333337,0.263181818536363
"1045",1045,"bivensarm.us","ERECHTITES HIERACIIFOLIUS",3,0.033333333,0.033333333,0.833333333,0.833333333,0.8,0.8
"1048",1048,"bivensarm.us","EUPATORIUM CAPILLIFOLIUM",3,60.033333336,5.45757575781818,2.3,0.46,-57.733333336,-4.99757575781818
"1057",1057,"bivensarm.us","GERANIUM CAROLINIANUM",3,0.016666667,0.016666667,0,0,-0.016666667,-0.016666667
"1062",1062,"bivensarm.us","HYPTIS MUTABILIS",3,1.75,1.75,0.083333333,0.083333333,-1.666666667,-1.666666667
"1069",1069,"bivensarm.us","IMPERATA CYLINDRICA",3,430.33333334,43.033333334,418,41.8,-12.33333334,-1.233333334
"1076",1076,"bivensarm.us","INDIGOFERA HIRSUTA",3,1.716666668,0.429166667,2.966666668,0.5933333336,1.25,0.1641666666
"1082",1082,"bivensarm.us","LEPIDIUM VIRGINICUM",3,0.016666667,0.016666667,0.050000001,0.016666667,0.033333334,0
"1086",1086,"bivensarm.us","LESPEDEZA JUNCEA var. SERICEA",3,0.083333333,0.083333333,0.016666667,0.016666667,-0.066666666,-0.066666666
"1090",1090,"bivensarm.us","LIQUIDAMBAR STYRACIFLUA",3,0.200000001,0.066666667,0.083333333,0.083333333,-0.116666668,0.016666666
"1096",1096,"bivensarm.us","MODIOLA CAROLINIANA",3,0.016666667,0.016666667,0,0,-0.016666667,-0.016666667
"1098",1098,"bivensarm.us","MOMORDICA CHARANTIA",3,0.016666667,0.016666667,0,0,-0.016666667,-0.016666667
"1101",1101,"bivensarm.us","MUHLENBERGIA CAPILLARIS",3,44.850000003,2.9900000002,35.75,2.55357142857143,-9.100000003,-0.436428571628571
"1107",1107,"bivensarm.us","OENOTHERA BIENNIS",3,0.566666667,0.14166666675,12.350000001,1.543750000125,11.783333334,1.402083333375
"1118",1118,"bivensarm.us","OXALIS STRICTA",3,1.916666667,0.1277777778,4.550000001,0.37916666675,2.633333334,0.25138888895
"1125",1125,"bivensarm.us","PANICUM ANCEPS",3,13.133333333,3.28333333325,1.45,0.3625,-11.683333333,-2.92083333325
"1131",1131,"bivensarm.us","PANICUM MAXIMUM",3,12.433333333,3.10833333325,40.833333333,13.611111111,28.4,10.50277777775
"1137",1137,"bivensarm.us","PARTHENOCISSUS QUINQUEFOLIA",3,1.783333332,0.2229166665,0.116666667,0.038888889,-1.666666665,-0.1840277775
"1145",1145,"bivensarm.us","PASPALUM NOTATUM",3,24.033333332,3.0041666665,71.316666664,7.1316666664,47.283333332,4.1274999999
"1157",1157,"bivensarm.us","PHYLLANTHUS URINARIA",3,0.350000001,0.116666667,0,0,-0.350000001,-0.116666667
"1168",1168,"bivensarm.us","PINUS PALUSTRIS",3,198.683333335,11.6872549020588,128.16666667,8.54444444466667,-70.516666665,-3.14281045739216
"1175",1175,"bivensarm.us","PINUS TAEDA",3,0.033333334,0.016666667,0.016666667,0.016666667,-0.016666667,0
"1182",1182,"bivensarm.us","PITYOPSIS GRAMINIFOLIA",3,69.133333334,5.76111111116667,41.749999997,4.63888888855556,-27.383333337,-1.12222222261111
"1189",1189,"bivensarm.us","PRUNUS CAROLINIANA",3,0.166666667,0.166666667,0.016666667,0.016666667,-0.15,-0.15
"1195",1195,"bivensarm.us","RICHARDIA SCABRA",3,6.45,0.586363636363636,46.116666667,3.07444444446667,39.666666667,2.48808080810303
"1201",1201,"bivensarm.us","RUMEX HASTATULUS",3,0,0,0.016666667,0.016666667,0.016666667,0.016666667
"1208",1208,"bivensarm.us","SIDA RHOMBIFOLIA",3,0.1,0.1,0.016666667,0.016666667,-0.083333333,-0.083333333
"1212",1212,"bivensarm.us","SOLIDAGO FISTULOSA",3,113.549999999,5.67749999995,37.116666666,2.319791666625,-76.433333333,-3.357708333325
"1219",1219,"bivensarm.us","SORGHUM HALEPENSE",3,0.016666667,0.016666667,0,0,-0.016666667,-0.016666667
"1221",1221,"bivensarm.us","STACHYS FLORIDANA",3,0.016666667,0.016666667,0.016666667,0.016666667,0,0
"1227",1227,"bivensarm.us","SYMPHYOTRICHUM DUMOSUM",3,0.266666666,0.0888888886666667,0,0,-0.266666666,-0.0888888886666667
"1231",1231,"bivensarm.us","TRADESCANTIA OHIENSIS",3,0,0,0.766666667,0.3833333335,0.766666667,0.3833333335
"1239",1239,"bivensarm.us","VERBENA BRASILIENSIS",3,0.083333333,0.083333333,0.116666667,0.038888889,0.033333334,-0.044444444
"1245",1245,"bivensarm.us","VICIA MINUTIFLORA",3,0.05,0.025,0,0,-0.05,-0.025
"1252",1252,"bivensarm.us","VITIS ROTUNDIFOLIA",3,0,0,0.25,0.125,0.25,0.125
"1263",1263,"brokenh.au","MAIREANA PYRAMIDATA",3,22,11,0,0,-22,-11
"1273",1273,"brookdale.ca","ACHILLEA MILLEFOLIUM",3,5,5,5,5,0,0
"1277",1277,"brookdale.ca","AGASTACHE FOENICULUM",3,0,0,20,10,20,10
"1281",1281,"brookdale.ca","ALLIUM CERNUUM",3,5,5,0,0,-5,-5
"1285",1285,"brookdale.ca","ANDROPOGON GERARDII",3,25,8.33333333333333,18.333333333,6.111111111,-6.666666667,-2.22222222233333
"1289",1289,"brookdale.ca","ANEMONASTRUM CANADENSE",3,73.33333333,18.3333333325,77.5,19.375,4.16666667,1.0416666675
"1294",1294,"brookdale.ca","ARTEMISIA LUDOVICIANA",3,30,6,40.833333333,10.20833333325,10.833333333,4.20833333325
"1298",1298,"brookdale.ca","BROMUS INERMIS",3,210,42,172.5,34.5,-37.5,-7.5
"1300",1300,"brookdale.ca","CALYSTEGIA SEPIUM",3,0,0,5,5,5,5
"1304",1304,"brookdale.ca","CIRSIUM ARVENSE",3,52.5,10.5,37.5,7.5,-15,-3
"1307",1307,"brookdale.ca","COMANDRA UMBELLATA",3,5,5,5,5,0,0
"1313",1313,"brookdale.ca","CYPRIPEDIUM PARVIFLORUM",3,15,7.5,30,10,15,2.5
"1317",1317,"brookdale.ca","ELYMUS REPENS",3,10,5,15,5,5,0
"1321",1321,"brookdale.ca","GALIUM BOREALE",3,45,9,45,9,0,0
"1325",1325,"brookdale.ca","GLYCYRRHIZA LEPIDOTA",3,170,34,107.5,21.5,-62.5,-12.5
"1330",1330,"brookdale.ca","HELIOPSIS HELIANTHOIDES",3,20,6.66666666666667,30,6,10,-0.666666666666667
"1335",1335,"brookdale.ca","LATHYRUS OCHROLEUCUS",3,13.333333333,6.6666666665,45,11.25,31.666666667,4.5833333335
"1340",1340,"brookdale.ca","LIATRIS LIGULISTYLIS",3,5,5,0,0,-5,-5
"1343",1343,"brookdale.ca","LITHOSPERMUM CANESCENS",3,5,5,7.5,7.5,2.5,2.5
"1349",1349,"brookdale.ca","POA PRATENSIS",3,317.5,63.5,250,50,-67.5,-13.5
"1354",1354,"brookdale.ca","ROSA ACICULARIS",3,32.5,6.5,28.333333333,5.6666666666,-4.166666667,-0.8333333334
"1358",1358,"brookdale.ca","SOLIDAGO CANADENSIS",3,82.5,16.5,80,16,-2.5,-0.5
"1362",1362,"brookdale.ca","SOLIDAGO RIGIDA",3,10,5,10,10,0,5
"1365",1365,"brookdale.ca","SONCHUS ARVENSIS",3,49.16666667,9.833333334,65,13,15.83333333,3.166666666
"1369",1369,"brookdale.ca","STIPA SPARTEA",3,0,0,15,5,15,5
"1373",1373,"brookdale.ca","SYMPHORICARPOS OCCIDENTALIS",3,75,15,50,10,-25,-5
"1377",1377,"brookdale.ca","SYMPHYOTRICHUM ERICOIDES",3,10,5,20,5,10,0
"1381",1381,"brookdale.ca","SYMPHYOTRICHUM LAEVE",3,0,0,18.33333333,18.33333333,18.33333333,18.33333333
"1385",1385,"brookdale.ca","THALICTRUM VENULOSUM",3,10,5,27.5,9.16666666666667,17.5,4.16666666666667
"1389",1389,"brookdale.ca","VICIA AMERICANA",3,20,5,25,5,5,0
"1392",1392,"brookdale.ca","VIOLA ADUNCA",3,15,5,10,5,-5,0
"1397",1397,"brookdale.ca","ZIZIA APTERA",3,5,5,10,5,5,0
"1398",1398,"capmcd.us","ACMISPON BRACHYCARPUS",3,1,0.2,0.7,0.35,-0.3,0.15
"1401",1401,"capmcd.us","AMSINCKIA MENZIESII",3,0.2,0.1,0.2,0.1,0,0
"1403",1403,"capmcd.us","AMSINCKIA TESSELLATA",3,0,0,0.1,0.1,0.1,0.1
"1405",1405,"capmcd.us","ASTRAGALUS NUTTALLIANUS",3,0.3,0.15,0,0,-0.3,-0.15
"1408",1408,"capmcd.us","BROMUS RUBENS",3,0.1,0.1,0,0,-0.1,-0.1
"1416",1416,"capmcd.us","DICHELOSTEMMA CAPITATUM",3,0.1,0.1,0,0,-0.1,-0.1
"1418",1418,"capmcd.us","ERIOPHYLLUM LANOSUM",3,0,0,0.2,0.1,0.2,0.1
"1421",1421,"capmcd.us","ERODIUM CICUTARIUM",3,0.1,0.1,0,0,-0.1,-0.1
"1426",1426,"capmcd.us","EUPHORBIA POLYCARPA",3,138,23,118.4,16.9142857142857,-19.6,-6.08571428571429
"1427",1427,"capmcd.us","GUILLENIA LASIOPHYLLA",3,0.1,0.1,0,0,-0.1,-0.1
"1429",1429,"capmcd.us","HARPAGONELLA PALMERI",3,0,0,0.1,0.1,0.1,0.1
"1436",1436,"capmcd.us","OTTLEYA STRIGOSA",3,0.1,0.1,0,0,-0.1,-0.1
"1442",1442,"capmcd.us","PECTOCARYA RECURVATA",3,5.8,0.966666666666667,1.5,0.5,-4.3,-0.466666666666667
"1449",1449,"capmcd.us","PLANTAGO OVATA",3,28.6,4.08571428571429,57.5,8.21428571428571,28.9,4.12857142857143
"1452",1452,"capmcd.us","PLANTAGO PATAGONICA",3,1.8,0.3,1.8,0.36,0,0.06
"1456",1456,"capmcd.us","SCHISMUS ARABICUS",3,2.3,0.766666666666667,0.6,0.12,-1.7,-0.646666666666667
"1457",1457,"capwhite.us","ACMISPON BRACHYCARPUS",3,0.2,0.1,0.5,0.125,0.3,0.025
"1459",1459,"capwhite.us","ACMISPON MARITIMUS",3,0,0,0.1,0.1,0.1,0.1
"1461",1461,"capwhite.us","AMSINCKIA TESSELLATA",3,0.4,0.133333333333333,0,0,-0.4,-0.133333333333333
"1465",1465,"capwhite.us","CHORIZANTHE BREVICORNU",3,0.2,0.1,0.1,0.1,-0.1,0
"1467",1467,"capwhite.us","ERIOPHYLLUM LANOSUM",3,0,0,0.1,0.1,0.1,0.1
"1470",1470,"capwhite.us","LEPIDIUM LASIOCARPUM",3,4.6,0.657142857142857,1.7,0.283333333333333,-2.9,-0.373809523809524
"1472",1472,"capwhite.us","LOGFIA ARIZONICA",3,1,1,5,2.5,4,1.5
"1480",1480,"capwhite.us","PECTOCARYA HETEROCARPA",3,8.9,1.48333333333333,0.5,0.25,-8.4,-1.23333333333333
"1483",1483,"capwhite.us","PECTOCARYA PLATYCARPA",3,1.9,0.475,0.7,0.35,-1.2,-0.125
"1486",1486,"capwhite.us","PECTOCARYA RECURVATA",3,1.6,0.266666666666667,2.2,0.44,0.6,0.173333333333333
"1489",1489,"capwhite.us","PHYSARIA TENELLA",3,3.2,0.533333333333333,2.8,0.466666666666667,-0.4,-0.0666666666666667
"1492",1492,"capwhite.us","PLANTAGO OVATA",3,7.9,1.12857142857143,12.4,1.77142857142857,4.5,0.642857142857143
"1495",1495,"capwhite.us","PLANTAGO PATAGONICA",3,9.8,1.4,5.5,0.916666666666667,-4.3,-0.483333333333333
"1498",1498,"capwhite.us","SCHISMUS ARABICUS",3,13,1.85714285714286,4.6,0.657142857142857,-8.4,-1.2
"1500",1500,"capwhite.us","VULPIA OCTOFLORA",3,0.1,0.1,0,0,-0.1,-0.1
"1632",1632,"cedartrait.us","ACHILLEA MILLEFOLIUM",3,2,2,3,3,1,1
"1633",1633,"cedartrait.us","AGROSTIS SCABRA",3,2,2,2,2,0,0
"1635",1635,"cedartrait.us","AGROSTIS STOLONIFERA",3,0,0,2,2,2,2
"1642",1642,"cedartrait.us","ANDROPOGON GERARDII",3,147,16.3333333333333,22,4.4,-125,-11.9333333333333
"1647",1647,"cedartrait.us","BAPTISIA ALBA",3,21,10.5,0,0,-21,-10.5
"1650",1650,"cedartrait.us","BOUTELOUA GRACILIS",3,6,3,9,3,3,0
"1654",1654,"cedartrait.us","COREOPSIS PALMATA",3,43,8.6,9,4.5,-34,-4.1
"1659",1659,"cedartrait.us","DALEA VILLOSA",3,17,2.83333333333333,5,2.5,-12,-0.333333333333333
"1665",1665,"cedartrait.us","KOELERIA MICRATHERA",3,10,3.33333333333333,6,3,-4,-0.333333333333333
"1669",1669,"cedartrait.us","LESPEDEZA CAPITATA",3,1,1,4,2,3,1
"1673",1673,"cedartrait.us","LIATRIS ASPERA",3,68,8.5,51,10.2,-17,1.7
"1677",1677,"cedartrait.us","LUPINUS PERENNIS",3,11,2.75,5,2.5,-6,-0.25
"1681",1681,"cedartrait.us","MONARDA FISTULOSA",3,0,0,6,6,6,6
"1684",1684,"cedartrait.us","PANICUM OLIGOSANTHES",3,0,0,3,1.5,3,1.5
"1685",1685,"cedartrait.us","PANICUM PERLONGUM",3,3,3,3,3,0,0
"1691",1691,"cedartrait.us","PETALOSTEMON CANDIDUS",3,1,1,3,1.5,2,0.5
"1695",1695,"cedartrait.us","PETALOSTEMON PURPUREUS",3,25,3.57142857142857,22,5.5,-3,1.92857142857143
"1696",1696,"cedartrait.us","PHYSALIS VIRGINIANA",3,3,1.5,0,0,-3,-1.5
"1700",1700,"cedartrait.us","POA PRATENSIS",3,14,2.8,4,2,-10,-0.8
"1704",1704,"cedartrait.us","ROSA ARKANSANA",3,9,9,23,23,14,14
"1708",1708,"cedartrait.us","SCHIZACHYRIUM SCOPARIUM",3,128,14.2222222222222,28,5.6,-100,-8.62222222222222
"1712",1712,"cedartrait.us","SOLIDAGO NEMORALIS",3,69,13.8,42,21,-27,7.2
"1716",1716,"cedartrait.us","SOLIDAGO RIGIDA",3,33,16.5,26,13,-7,-3.5
"1720",1720,"cedartrait.us","SORGHASTRUM NUTANS",3,0,0,1,1,1,1
"1726",1726,"cerrillos.ar","ALLIONIA INCARNATA",3,0.62,0.62,1.25,1.25,0.63,0.63
"1730",1730,"cerrillos.ar","ARISTIDA MENDOCINA",3,38.74,12.9133333333333,31.24,10.4133333333333,-7.5,-2.5
"1732",1732,"cerrillos.ar","AYENIA LINGULATA",3,1.24,0.62,0,0,-1.24,-0.62
"1735",1735,"cerrillos.ar","BOERHAVIA DIFFUSA",3,1.24,0.62,0,0,-1.24,-0.62
"1739",1739,"cerrillos.ar","BOUTELOUA ARISTIDOIDES",3,1.87,0.935,14.99,7.495,13.12,6.56
"1742",1742,"cerrillos.ar","BRACHIARIA PAUCISPICATA",3,0.62,0.62,0,0,-0.62,-0.62
"1746",1746,"cerrillos.ar","CENCHRUS CILIARIS",3,1.87,1.87,1.25,1.25,-0.62,-0.62
"1748",1748,"cerrillos.ar","COMMELINA ERECTA",3,0,0,1.25,1.25,1.25,1.25
"1752",1752,"cerrillos.ar","CORDOBIA ARGENTEA",3,73.12,24.3733333333333,70.62,35.31,-2.5,10.9366666666667
"1756",1756,"cerrillos.ar","COTTEA PAPPOPHOROIDES",3,1.24,0.62,0,0,-1.24,-0.62
"1759",1759,"cerrillos.ar","DIGITARIA CALIFORNICA",3,1.25,1.25,0,0,-1.25,-1.25
"1766",1766,"cerrillos.ar","EUPLOCA MENDOCINA",3,0,0,0.62,0.62,0.62,0.62
"1770",1770,"cerrillos.ar","GAYA PARVIFLORA",3,0.62,0.62,0,0,-0.62,-0.62
"1774",1774,"cerrillos.ar","GOUINIA PARAGUAYENSIS",3,14.37,4.79,14.37,7.185,1.77635683940025e-15,2.395
"1778",1778,"cerrillos.ar","LARREA DIVARICATA",3,86.86,28.9533333333333,54.99,18.33,-31.87,-10.6233333333333
"1782",1782,"cerrillos.ar","LEPTOCHLOA DUBIA",3,4.37,4.37,0,0,-4.37,-4.37
"1787",1787,"cerrillos.ar","PAPPOPHORUM KRAPOVICKASII",3,1.86,0.62,24.99,8.33,23.13,7.71
"1791",1791,"cerrillos.ar","PASSIFLORA PALMATISECTA",3,0,0,2.49,1.245,2.49,1.245
"1795",1795,"cerrillos.ar","PROSOPIS PUGIONATA",3,13.12,13.12,0,0,-13.12,-13.12
"1799",1799,"cerrillos.ar","PROSOPIS TORQUATA",3,9.37,9.37,47.49,23.745,38.12,14.375
"1801",1801,"cerrillos.ar","PSEUDABUTILON VIRGATUM",3,0,0,0.62,0.62,0.62,0.62
"1805",1805,"cerrillos.ar","RHYNCHOSIDA PHYSOCALYX",3,0,0,0.62,0.62,0.62,0.62
"1809",1809,"cerrillos.ar","SETARIA PAMPEANA",3,18.74,6.24666666666667,4.37,4.37,-14.37,-1.87666666666667
"1813",1813,"cerrillos.ar","SIDA ARGENTINA",3,1.87,0.935,1.24,0.62,-0.63,-0.315
"1818",1818,"cerrillos.ar","XEROALOYSIA OVATIFOLIA",3,8.74,4.37,12.49,6.245,3.75,1.875
"1822",1822,"chacra.ar","BACCHARIS GILLIESII",3,16.5,8.25,75,37.5,58.5,29.25
"1824",1824,"chacra.ar","BACCHARIS TENELLA",3,1.5,1.5,0,0,-1.5,-1.5
"1827",1827,"chacra.ar","BACCHARIS ULICINA",3,0,0,1.5,1.5,1.5,1.5
"1831",1831,"chacra.ar","HOFFMANNSEGGIA TRIFOLIATA",3,0,0,1.5,1.5,1.5,1.5
"1833",1833,"chacra.ar","MARGYRICARPUS PINNATUS",3,1.5,1.5,0,0,-1.5,-1.5
"1837",1837,"chacra.ar","NASSELLA LONGIGLUMIS",3,130,43.3333333333333,13,4.33333333333333,-117,-39
"1841",1841,"chacra.ar","NASSELLA TENUIS",3,1.5,1.5,16.5,5.5,15,4
"1848",1848,"chacra.ar","PAPPOPHORUM MUCRONULATUM",3,10,10,6,2,-4,-8
"1850",1850,"chacra.ar","PIPTOCHAETIUM MONTEVIDENSE",3,0,0,1.5,1.5,1.5,1.5
"1853",1853,"chacra.ar","POA LIGULARIS",3,19.5,6.5,63,21,43.5,14.5
"1858",1858,"chacra.ar","STIPA PAPPOSA",3,0,0,11.5,5.75,11.5,5.75
"1864",1864,"chang.cn","ARTEMISIA SCOPARIA",3,93,15.5,3,1.5,-90,-14
"1868",1868,"chang.cn","CHENOPODIUM GLAUCUM",3,1,1,0,0,-1,-1
"1871",1871,"chang.cn","CHLORIS VIRGATA",3,104,26,81,20.25,-23,-5.75
"1876",1876,"chang.cn","LEYMUS CHINENSIS",3,352,44,58,14.5,-294,-29.5
"1879",1879,"chang.cn","MELILOTUS OFFICINALIS",3,2,1,1,1,-1,0
"1880",1880,"chang.cn","MESSERSCHMIDIA SIBIRICA",3,0,0,8,8,8,8
"1882",1882,"chang.cn","PHRAGMITES AUSTRALIS",3,35,5,2,1,-33,-4
"1885",1885,"chang.cn","SETARIA VIRIDIS",3,27,6.75,55,18.3333333333333,28,11.5833333333333
"1890",1890,"chang.cn","SUAEDA GLAUCA",3,28,7,0,0,-28,-7
"1904",1904,"chilcasdrt.ar","AMBROSIA TENUIFOLIA",3,0,0,1,1,1,1
"1912",1912,"chilcasdrt.ar","BACCHARIS PINGRAEA",3,0,0,5,5,5,5
"1940",1940,"chilcasdrt.ar","ELEOCHARIS VIRIDANS",3,0,0,1,1,1,1
"1948",1948,"chilcasdrt.ar","FESTUCA ARUNDINACEA",3,140,70,125,62.5,-15,-7.5
"1960",1960,"chilcasdrt.ar","LEERSIA HEXANDRA",3,1,1,1,1,0,0
"1976",1976,"chilcasdrt.ar","PANICUM SABULORUM",3,1,1,0,0,-1,-1
"1983",1983,"chilcasdrt.ar","PASPALUM DILATATUM",3,16,8,40,20,24,12
"1998",1998,"chilcasdrt.ar","STEINCHISMA HIANS",3,1,1,0,0,-1,-1
"2002",2002,"chilcasdrt.ar","STENOTAPHRUM SECUNDATUM",3,0,0,1,1,1,1
"2007",2007,"ciempoz.es","GYPSOPHILA STRUTHIUM",3,39.73,9.9325,51.47,10.294,11.74,0.3615
"2011",2011,"ciempoz.es","HELIANTHEMUM SQUAMATUM",3,8.86,4.43,3.47,3.47,-5.39,-0.96
"2015",2015,"ciempoz.es","LEPIDIUM SUBULATUM",3,103.39,14.77,91.5,13.0714285714286,-11.89,-1.69857142857143
"2019",2019,"ciempoz.es","THYMUS VULGARIS",3,58.18,9.69666666666667,39.58,6.59666666666667,-18.6,-3.1
"2023",2023,"cmss.us","ACHILLEA MILLEFOLIUM",3,1,1,0,0,-1,-1
"2026",2026,"cmss.us","ARTEMISIA TRIDENTATA",3,8,4,0,0,-8,-4
"2030",2030,"cmss.us","ASTRAGALUS MISER",3,7,2.33333333333333,18,6,11,3.66666666666667
"2031",2031,"cmss.us","BOECHERA HOLBOELLII",3,1,1,0,0,-1,-1
"2032",2032,"cmss.us","CALOCHORTUS NUTTALLII",3,1,1,0,0,-1,-1
"2036",2036,"cmss.us","CERASTIUM ARVENSE",3,30,10,15,5,-15,-5
"2040",2040,"cmss.us","CHRYSOTHAMNUS VISCIDIFLORUS",3,0,0,8,8,8,8
"2044",2044,"cmss.us","ELYMUS SPICATUS",3,37,12.3333333333333,35,11.6666666666667,-2,-0.666666666666668
"2048",2048,"cmss.us","EREMOGONE CONGESTA",3,13,4.33333333333333,15,5,2,0.666666666666667
"2054",2054,"cmss.us","FESTUCA IDAHOENSIS",3,70,23.3333333333333,88,29.3333333333333,18,6
"2059",2059,"cmss.us","PACKERA CANA",3,0,0,1,1,1,1
"2063",2063,"cmss.us","PHLOX MULTIFLORA",3,25,8.33333333333333,35,11.6666666666667,10,3.33333333333333
"2067",2067,"cmss.us","POA CUSICKII",3,0,0,5,5,5,5
"2071",2071,"cmss.us","PTERYXIA HENDERSONII",3,3,3,8,8,5,5
"2075",2075,"cmss.us","SEDUM LANCEOLATUM",3,6,3,6,3,0,0
"2083",2083,"cobar.au","MEDICAGO LACINIATA",3,3,1.5,3.1,1.03333333333333,0.1,-0.466666666666667
"2086",2086,"cobar.au","PTILOTUS ATRIPLICIFOLIUS",3,0.75,0.75,0,0,-0.75,-0.75
"2087",2087,"cobar.au","SCLEROLAENA DECURRENS",3,0.1,0.1,0.1,0.1,0,0
"2089",2089,"cobar.au","SIDA CORRUGATA",3,18,6,11,3.66666666666667,-7,-2.33333333333333
"2096",2096,"cowidrt.ca","ACHILLEA MILLEFOLIUM",3,0,0,1,1,1,1
"2102",2102,"cowidrt.ca","ALLIUM AMPLECTENS",3,40,40,3,3,-37,-37
"2107",2107,"cowidrt.ca","ANTHOXANTHUM ODORATUM",3,1,1,1,1,0,0
"2111",2111,"cowidrt.ca","BERBERIS NERVOSA",3,0,0,20,20,20,20
"2114",2114,"cowidrt.ca","BROMUS CARINATUS",3,0,0,6,3,6,3
"2118",2118,"cowidrt.ca","BROMUS STERILIS",3,0,0,9,3,9,3
"2123",2123,"cowidrt.ca","CAMASSIA QUAMASH",3,6,3,3,1.5,-3,-1.5
"2126",2126,"cowidrt.ca","CARDAMINE OLIGOSPERMA",3,2,1,2,1,0,0
"2130",2130,"cowidrt.ca","CAREX INOPS",3,38,12.6666666666667,1,1,-37,-11.6666666666667
"2134",2134,"cowidrt.ca","CERASTIUM ARVENSE",3,4,1,4,1,0,0
"2141",2141,"cowidrt.ca","CLAYTONIA PERFOLIATA",3,9,2.25,14,3.5,5,1.25
"2146",2146,"cowidrt.ca","CYTISUS SCOPARIUS",3,2,1,1,1,-1,0
"2150",2150,"cowidrt.ca","DACTYLIS GLOMERATA",3,28,7,34,11.3333333333333,6,4.33333333333333
"2154",2154,"cowidrt.ca","DELPHINIUM MENZIESII",3,8,2.66666666666667,3,1.5,-5,-1.16666666666667
"2158",2158,"cowidrt.ca","DODECATHEON HENDERSONII",3,41,8.2,34,8.5,-7,0.300000000000001
"2166",2166,"cowidrt.ca","ERYTHRONIUM OREGONUM",3,9,2.25,8,2,-1,-0.25
"2170",2170,"cowidrt.ca","GALIUM APARINE",3,5,1,4,1,-1,0
"2174",2174,"cowidrt.ca","GERANIUM MOLLE",3,4,1,6,1.2,2,0.2
"2178",2178,"cowidrt.ca","LATHYRUS SPHAERICUS",3,2,1,4,2,2,1
"2180",2180,"cowidrt.ca","LEUCANTHEMUM VULGARE",3,1,1,0,0,-1,-1
"2186",2186,"cowidrt.ca","LOMATIUM UTRICULATUM",3,3,3,9,1.8,6,-1.2
"2190",2190,"cowidrt.ca","MELICA SUBULATA",3,55,18.3333333333333,73,24.3333333333333,18,6
"2193",2193,"cowidrt.ca","MYOSOTIS DISCOLOR",3,1,1,2,1,1,0
"2196",2196,"cowidrt.ca","NEMOPHILA PARVIFLORA",3,2,1,3,1,1,0
"2198",2198,"cowidrt.ca","OROBANCHE UNIFLORA",3,0,0,1,1,1,1
"2203",2203,"cowidrt.ca","POA PRATENSIS",3,1,1,0,0,-1,-1
"2208",2208,"cowidrt.ca","QUERCUS GARRYANA",3,4,4,7,3.5,3,-0.5
"2212",2212,"cowidrt.ca","RANUNCULUS OCCIDENTALIS",3,15,5,5,1.25,-10,-3.75
"2216",2216,"cowidrt.ca","SANICULA CRASSICAULIS",3,9,2.25,16,5.33333333333333,7,3.08333333333333
"2220",2220,"cowidrt.ca","SYMPHORICARPOS ALBUS",3,35,11.6666666666667,42,10.5,7,-1.16666666666667
"2227",2227,"cowidrt.ca","VALERIANA samolifolia",3,5,2.5,63,21,58,18.5
"2231",2231,"cowidrt.ca","VALERIANELLA LOCUSTA",3,21,5.25,9,1.8,-12,-3.45
"2235",2235,"cowidrt.ca","VERONICA ARVENSIS",3,3,1,3,1,0,0
"2239",2239,"cowidrt.ca","VICIA HIRSUTA",3,4,1,3,1,-1,0
"2243",2243,"cowidrt.ca","VICIA SATIVA",3,7,1.4,5,1.25,-2,-0.15
"2247",2247,"credoj.au","CEPHALIPTERUM DRUMMONDII",3,0.5,0.5,0,0,-0.5,-0.5
"2250",2250,"credoj.au","CUCUMIS MYRIOCARPUS",3,0,0,0.5,0.5,0.5,0.5
"2254",2254,"credoj.au","ENNEAPOGON CAERULESCENS",3,45,11.25,52,10.4,7,-0.85
"2258",2258,"credoj.au","ENNEAPOGON POLYPHYLLUS",3,2,0.666666666666667,1.5,0.75,-0.5,0.0833333333333334
"2262",2262,"credoj.au","ERAGROSTIS DIELSII",3,0,0,0.5,0.5,0.5,0.5
"2272",2272,"credoj.au","MAIREANA CARNOSA",3,2,0.5,2,0.5,0,0
"2276",2276,"credoj.au","MAIREANA SEDIFOLIA",3,16.5,3.3,17,3.4,0.5,0.1
"2279",2279,"credoj.au","MAIREANA TRICHOPTERA",3,0.5,0.5,0,0,-0.5,-0.5
"2282",2282,"credoj.au","MEDICAGO MINIMA",3,3.5,1.75,0.5,0.5,-3,-1.25
"2285",2285,"credoj.au","PASPALIDIUM CLEMENTII",3,2,2,0,0,-2,-2
"2287",2287,"credoj.au","PTILOTUS HOLOSERICEUS",3,0.5,0.5,0,0,-0.5,-0.5
"2290",2290,"credoj.au","PTILOTUS OBOVATUS",3,6,1.5,2.5,0.625,-3.5,-0.875
"2296",2296,"credoj.au","SALVIA VERBENACA",3,2,0.5,2.5,0.5,0.5,0
"2302",2302,"credoj.au","SIDA INTRICATA",3,0.5,0.5,0,0,-0.5,-0.5
"2306",2306,"credoj.au","SIDA SPODOCHROMA",3,4,2,1.5,0.75,-2.5,-1.25
"2310",2310,"credoj.au","STIPA NITIDA",3,0.5,0.5,28,14,27.5,13.5
"2313",2313,"credoj.au","SWAINSONA AFFINIS",3,0.5,0.5,0,0,-0.5,-0.5
"2316",2316,"credoj.au","VITTADINIA EREMAEA",3,2.5,0.625,5.5,1.1,3,0.475
"2326",2326,"credom.au","CEPHALIPTERUM DRUMMONDII",3,1.5,0.5,0.5,0.5,-1,0
"2333",2333,"credom.au","ENNEAPOGON CAERULESCENS",3,51,12.75,7,1.75,-44,-11
"2337",2337,"credom.au","ENNEAPOGON POLYPHYLLUS",3,7,1.75,2,0.666666666666667,-5,-1.08333333333333
"2343",2343,"credom.au","ERAGROSTIS DIELSII",3,2,0.666666666666667,0.5,0.5,-1.5,-0.166666666666667
"2350",2350,"credom.au","GOODENIA MIMULOIDES",3,1,0.5,0,0,-1,-0.5
"2355",2355,"credom.au","MAIREANA CARNOSA",3,0.5,0.5,1,0.5,0.5,0
"2359",2359,"credom.au","MAIREANA SEDIFOLIA",3,23,7.66666666666667,7.5,2.5,-15.5,-5.16666666666667
"2362",2362,"credom.au","MAIREANA TRICHOPTERA",3,1.5,0.75,0,0,-1.5,-0.75
"2367",2367,"credom.au","MEDICAGO MINIMA",3,4,1.33333333333333,0.5,0.5,-3.5,-0.833333333333333
"2371",2371,"credom.au","PASPALIDIUM CLEMENTII",3,1,1,0,0,-1,-1
"2373",2373,"credom.au","PTILOTUS HOLOSERICEUS",3,0.5,0.5,0,0,-0.5,-0.5
"2376",2376,"credom.au","PTILOTUS OBOVATUS",3,0.5,0.5,0.5,0.5,0,0
"2384",2384,"credom.au","SALVIA VERBENACA",3,5,1.25,2,0.666666666666667,-3,-0.583333333333333
"2387",2387,"credom.au","SIDA INTRICATA",3,2,2,1,1,-1,-1
"2391",2391,"credom.au","SIDA SPODOCHROMA",3,0,0,1,0.5,1,0.5
"2394",2394,"credom.au","SONCHUS OLERACEUS",3,1.5,0.75,0,0,-1.5,-0.75
"2398",2398,"credom.au","STIPA elegantissima",3,0,0,0.5,0.5,0.5,0.5
"2401",2401,"credom.au","STIPA NITIDA",3,1,1,12,12,11,11
"2407",2407,"credom.au","VITTADINIA EREMAEA",3,2.5,0.625,2.5,0.5,0,-0.125
"2410",2410,"credom.au","VITTADINIA HUMERATA",3,0.5,0.5,0,0,-0.5,-0.5
"2413",2413,"ebro.es","BRACHYPODIUM RETUSUM",3,1.16,1.16,0,0,-1.16,-1.16
"2416",2416,"ebro.es","DACTYLIS GLOMERATA",3,0,0,0.14,0.14,0.14,0.14
"2421",2421,"ebro.es","GENISTA SCORPIUS",3,35.01,11.67,12.11,4.03666666666667,-22.9,-7.63333333333334
"2425",2425,"ebro.es","GYPSOPHILA STRUTHIUM",3,0,0,3.14,3.14,3.14,3.14
"2428",2428,"ebro.es","HELIANTHEMUM LAVANDULIFOLIUM",3,6.97,2.32333333333333,8.2,2.73333333333333,1.23,0.41
"2432",2432,"ebro.es","HELIANTHEMUM MARIFOLIUM",3,4.53,1.51,2.71,0.903333333333333,-1.82,-0.606666666666667
"2436",2436,"ebro.es","HELIANTHEMUM SQUAMATUM",3,0,0,0.47,0.47,0.47,0.47
"2440",2440,"ebro.es","HELICHRYSUM STOECHAS",3,0.15,0.075,1.04,0.52,0.89,0.445
"2445",2445,"ebro.es","HERNIARIA FRUTICOSA",3,1.91,0.636666666666667,1.14,0.38,-0.77,-0.256666666666667
"2449",2449,"ebro.es","JUNIPERUS PHOENICEA",3,0.15,0.075,1.21,0.605,1.06,0.53
"2451",2451,"ebro.es","KOELERIA VALLESIANA",3,0,0,0.07,0.07,0.07,0.07
"2455",2455,"ebro.es","LINUM SUFFRUTICOSUM",3,5.81,1.93666666666667,6.27,2.09,0.46,0.153333333333333
"2459",2459,"ebro.es","POLYGALA RUPESTRIS",3,0.01,0.01,0.2,0.2,0.19,0.19
"2463",2463,"ebro.es","ROSMARINUS OFFICINALIS",3,75.68,25.2266666666667,46.24,15.4133333333333,-29.44,-9.81333333333333
"2466",2466,"ebro.es","STIPA PARVIFLORA",3,0.04,0.04,0,0,-0.04,-0.04
"2470",2470,"ebro.es","TEUCRIUM CAPITATUM",3,0.9,0.45,0.31,0.103333333333333,-0.59,-0.346666666666667
"2474",2474,"ebro.es","THYMELAEA TINCTORIA",3,0.39,0.39,2.35,2.35,1.96,1.96
"2478",2478,"ebro.es","THYMUS VULGARIS",3,6.69,2.23,7.38,2.46,0.690000000000001,0.23
"2525",2525,"elvadrt.ee","ACHILLEA MILLEFOLIUM",3,12,4,27,9,15,5
"2531",2531,"elvadrt.ee","AGRIMONIA EUPATORIA",3,0,0,1,1,1,1
"2537",2537,"elvadrt.ee","ALOPECURUS PRATENSIS",3,2,1,0,0,-2,-1
"2542",2542,"elvadrt.ee","ANTHOXANTHUM ODORATUM",3,4,2,4,1.33333333333333,0,-0.666666666666667
"2545",2545,"elvadrt.ee","ANTHRISCUS SYLVESTRIS",3,1,1,0,0,-1,-1
"2550",2550,"elvadrt.ee","ARTEMISIA VULGARIS",3,0,0,1,1,1,1
"2554",2554,"elvadrt.ee","BRIZA MEDIA",3,65,21.6666666666667,80,26.6666666666667,15,5
"2559",2559,"elvadrt.ee","CAMPANULA PATULA",3,0,0,1,1,1,1
"2563",2563,"elvadrt.ee","CERASTIUM ARVENSE",3,1,1,2,1,1,0
"2569",2569,"elvadrt.ee","CREPIS TECTORUM",3,1,1,2,2,1,1
"2573",2573,"elvadrt.ee","DACTYLIS GLOMERATA",3,25,8.33333333333333,30,10,5,1.66666666666667
"2584",2584,"elvadrt.ee","EQUISETUM ARVENSE",3,2,1,2,1,0,0
"2590",2590,"elvadrt.ee","FESTUCA PRATENSIS",3,9,3,9,3,0,0
"2596",2596,"elvadrt.ee","FESTUCA RUBRA",3,17,5.66666666666667,16,5.33333333333333,-1,-0.333333333333334
"2602",2602,"elvadrt.ee","FRAGARIA VESCA",3,31,10.3333333333333,26,8.66666666666667,-5,-1.66666666666667
"2608",2608,"elvadrt.ee","HELICTOTRICHON PUBESCENS",3,2,1,2,1,0,0
"2613",2613,"elvadrt.ee","HYPERICUM PERFORATUM",3,0,0,1,1,1,1
"2619",2619,"elvadrt.ee","LATHYRUS PRATENSIS",3,5,5,22,11,17,6
"2625",2625,"elvadrt.ee","LEONTODON HISPIDUS",3,35,11.6666666666667,27,9,-8,-2.66666666666667
"2631",2631,"elvadrt.ee","LEUCANTHEMUM VULGARE",3,3,1,0,0,-3,-1
"2637",2637,"elvadrt.ee","LINUM CATHARTICUM",3,0,0,3,1,3,1
"2643",2643,"elvadrt.ee","LUZULA MULTIFLORA",3,5,1.66666666666667,4,1.33333333333333,-1,-0.333333333333333
"2649",2649,"elvadrt.ee","MEDICAGO LUPULINA",3,9,3,9,3,0,0
"2657",2657,"elvadrt.ee","POA ANGUSTIFOLIA",3,3,1,2,1,-1,0
"2663",2663,"elvadrt.ee","POTENTILLA ANSERINA",3,1,1,4,1.33333333333333,3,0.333333333333333
"2669",2669,"elvadrt.ee","RANUNCULUS ACRIS",3,9,3,9,3,0,0
"2675",2675,"elvadrt.ee","RUMEX ACETOSA",3,3,1,3,1,0,0
"2681",2681,"elvadrt.ee","SCORZONEROIDES AUTUMNALIS",3,9,3,7,3.5,-2,0.5
"2689",2689,"elvadrt.ee","STELLARIA GRAMINEA",3,2,1,1,1,-1,0
"2695",2695,"elvadrt.ee","TRIFOLIUM PRATENSE",3,2,2,1,1,-1,-1
"2701",2701,"elvadrt.ee","TRIFOLIUM REPENS",3,1,1,2,2,1,1
"2707",2707,"elvadrt.ee","VERONICA CHAMAEDRYS",3,3,1,3,1.5,0,0.5
"2713",2713,"elvadrt.ee","VICIA CRACCA",3,30,10,4,1.33333333333333,-26,-8.66666666666667
"2719",2719,"elvadrt.ee","VICIA SEPIUM",3,0,0,1,1,1,1
"2723",2723,"esw.ca","AMBROSIA ARTEMISIIFOLIA",3,0,0,1,1,1,1
"2727",2727,"esw.ca","CIRSIUM ARVENSE",3,4,2,8,2.66666666666667,4,0.666666666666667
"2734",2734,"esw.ca","DAUCUS CAROTA",3,11,5.5,3,1.5,-8,-4
"2738",2738,"esw.ca","ELYMUS REPENS",3,1,1,0,0,-1,-1
"2743",2743,"esw.ca","ERIGERON ANNUUS",3,6,2,3,1,-3,-1
"2745",2745,"esw.ca","FRAGARIA VIRGINIANA",3,2,2,0,0,-2,-2
"2750",2750,"esw.ca","GEUM CANADENSE",3,1,1,0,0,-1,-1
"2755",2755,"esw.ca","HOLOSTEUM UMBELLATUM",3,1,1,2,1,1,0
"2760",2760,"esw.ca","MEDICAGO LUPULINA",3,0,0,5,2.5,5,2.5
"2765",2765,"esw.ca","POA COMPRESSA",3,7,3.5,6,3,-1,-0.5
"2770",2770,"esw.ca","SOLIDAGO CANADENSIS",3,105,35,90,30,-15,-5
"2775",2775,"esw.ca","SONCHUS ARVENSIS",3,21,10.5,9,4.5,-12,-6
"2779",2779,"esw.ca","SYMPHYOTRICHUM ERICOIDES",3,2,1,0,0,-2,-1
"2784",2784,"esw.ca","SYMPHYOTRICHUM LANCEOLATUM",3,15,5,9,3,-6,-2
"2789",2789,"esw.ca","SYMPHYOTRICHUM NOVAE-ANGLIAE",3,3,1.5,16,5.33333333333333,13,3.83333333333333
"2792",2792,"esw.ca","SYMPHYOTRICHUM PILOSUM",3,3,1.5,9,4.5,6,3
"2797",2797,"esw.ca","TARAXACUM TARAXACUM",3,8,4,19,9.5,11,5.5
"2802",2802,"esw.ca","TRIFOLIUM PRATENSE",3,85,28.3333333333333,28,9.33333333333333,-57,-19
"2804",2804,"esw.ca","TRIFOLIUM REPENS",3,7,3.5,11,5.5,4,2
"2809",2809,"esw.ca","VITIS VULPINA",3,0,0,26,13,26,13
"2811",2811,"ethadb.au","ABUTILON MICROPHYLLA",3,0,0,0.1,0.1,0.1,0.1
"2814",2814,"ethadb.au","ARISTIDA HOLATHERA",3,0.3,0.15,8,2.66666666666667,7.7,2.51666666666667
"2817",2817,"ethadb.au","CALANDRINIA BALONENSIS",3,0.2,0.1,1.7,0.85,1.5,0.75
"2818",2818,"ethadb.au","CLEOME VISCOSA",3,0.5,0.5,0.3,0.3,-0.2,-0.2
"2820",2820,"ethadb.au","ERIACHNE ARISTIDEA",3,1.1,0.366666666666667,9,4.5,7.9,4.13333333333333
"2822",2822,"ethadb.au","EUPHORBIA DRUMMONDII",3,0,0,1,1,1,1
"2824",2824,"ethadb.au","HALORAGIS GOSSEI",3,3.1,1.55,0,0,-3.1,-1.55
"2827",2827,"ethadb.au","OLDENLANDIA PTEROSPORA",3,1.2,0.6,1.4,0.7,0.2,0.1
"2832",2832,"ethadb.au","PTILOTUS POLYSTACHYUS",3,0,0,12.3,4.1,12.3,4.1
"2834",2834,"ethadb.au","SALSOLA KALI",3,0,0,0.1,0.1,0.1,0.1
"2835",2835,"ethadb.au","SWAINSONA MICROPHYLLA",3,0.1,0.1,0,0,-0.1,-0.1
"2838",2838,"ethadb.au","TRACHYMENE GLAUCIFOLIA",3,26.7,13.35,8,4,-18.7,-9.35
"2841",2841,"ethadb.au","TRIODIA BASEDOWII",3,135,45,95,47.5,-40,2.5
"2845",2845,"ethadb.au","YAKIRRA AUSTRALIENSIS",3,0,0,1.1,0.55,1.1,0.55
"2848",2848,"ethadn.au","ARISTIDA HOLATHERA",3,0.8,0.8,12.1,4.03333333333333,11.3,3.23333333333333
"2852",2852,"ethadn.au","CALANDRINIA BALONENSIS",3,0.1,0.1,0.3,0.3,0.2,0.2
"2853",2853,"ethadn.au","ERIACHNE ARISTIDEA",3,0.5,0.5,0,0,-0.5,-0.5
"2854",2854,"ethadn.au","HALORAGIS GOSSEI",3,5.5,2.75,5.5,2.75,0,0
"2855",2855,"ethadn.au","PTILOTUS POLYSTACHYUS",3,0.6,0.3,2.5,1.25,1.9,0.95
"2856",2856,"ethadn.au","SALSOLA KALI",3,0,0,0.1,0.1,0.1,0.1
"2859",2859,"ethadn.au","TRACHYMENE GLAUCIFOLIA",3,8.5,2.83333333333333,13,6.5,4.5,3.66666666666667
"2863",2863,"ethadn.au","TRIODIA BASEDOWII",3,154,51.3333333333333,188,62.6666666666667,34,11.3333333333333
"2917",2917,"gmgranite.us","AMSINCKIA TESSELLATA",3,0.6,0.1,0,0,-0.6,-0.1
"2920",2920,"gmgranite.us","BROMUS RUBENS",3,0.4,0.1,0,0,-0.4,-0.1
"2924",2924,"gmgranite.us","CRYPTANTHA CIRCUMSCISSA",3,1.6,0.266666666666667,0,0,-1.6,-0.266666666666667
"2926",2926,"gmgranite.us","CRYPTANTHA PTEROCARYA",3,0.2,0.1,0,0,-0.2,-0.1
"2928",2928,"gmgranite.us","DESCURAINIA PINNATA",3,0.1,0.1,0,0,-0.1,-0.1
"2931",2931,"gmgranite.us","ERIOGONUM MACULATUM",3,0.2,0.1,0,0,-0.2,-0.1
"2936",2936,"gmgranite.us","ERODIUM CICUTARIUM",3,1.3,0.185714285714286,0,0,-1.3,-0.185714285714286
"2939",2939,"gmgranite.us","PECTOCARYA HETEROCARPA",3,0.4,0.133333333333333,0,0,-0.4,-0.133333333333333
"2945",2945,"gmgranite.us","SCHISMUS BARBATUS",3,15.1,2.15714285714286,0.7,0.1,-14.4,-2.05714285714286
"2948",2948,"gmmolar.us","AMSINCKIA TESSELLATA",3,0.7,0.175,0,0,-0.7,-0.175
"2951",2951,"gmmolar.us","BROMUS RUBENS",3,1.4,0.2,0,0,-1.4,-0.2
"2957",2957,"gmmolar.us","CRYPTANTHA CIRCUMSCISSA",3,0.6,0.12,0,0,-0.6,-0.12
"2959",2959,"gmmolar.us","CRYPTANTHA PTEROCARYA",3,0.8,0.133333333333333,0.1,0.1,-0.7,-0.0333333333333333
"2961",2961,"gmmolar.us","ERIASTRUM EREMICUM",3,0.7,0.116666666666667,0,0,-0.7,-0.116666666666667
"2965",2965,"gmmolar.us","ERIOGONUM MACULATUM",3,0.3,0.1,0,0,-0.3,-0.1
"2967",2967,"gmmolar.us","ERIOGONUM PUSILLUM",3,0.1,0.1,0,0,-0.1,-0.1
"2969",2969,"gmmolar.us","ERIOPHYLLUM WALLACEI",3,0.5,0.1,0,0,-0.5,-0.1
"2972",2972,"gmmolar.us","ERODIUM CICUTARIUM",3,1.5,0.214285714285714,0,0,-1.5,-0.214285714285714
"2974",2974,"gmmolar.us","LEPIDIUM LASIOCARPUM",3,0.2,0.1,0,0,-0.2,-0.1
"2981",2981,"gmmolar.us","PECTOCARYA RECURVATA",3,0.3,0.15,0,0,-0.3,-0.15
"2985",2985,"gmmolar.us","SCHISMUS BARBATUS",3,1.5,0.214285714285714,0.4,0.133333333333333,-1.1,-0.080952380952381
"2989",2989,"guaribas.br","ARISTIDA SETIFOLIA",3,1,0.5,0,0,-1,-0.5
"2992",2992,"guaribas.br","AXONOPUS AUREUS",3,1.5,0.75,0,0,-1.5,-0.75
"2994",2994,"guaribas.br","AXONOPUS POLYDACTYLUS",3,0,0,5.7,5.7,5.7,5.7
"2996",2996,"guaribas.br","CHAMAECRISTA FLEXUOSA",3,0.5,0.5,1,0.5,0.5,0
"2999",2999,"guaribas.br","CHAMAECRISTA RAMOSA",3,5.3,5.3,5.7,5.7,0.4,0.4
"3001",3001,"guaribas.br","COMOLIA VILLOSA",3,26.4,13.2,11.4,11.4,-15,-1.8
"3004",3004,"guaribas.br","CUPHEA FLAVA",3,26.3,4.38333333333333,15.6,5.2,-10.7,0.816666666666667
"3007",3007,"guaribas.br","ELEPHANTOPUS HIRTIFLORUS",3,1.5,0.75,1.5,0.75,0,0
"3010",3010,"guaribas.br","LAGENOCARPUS GUIANENSIS",3,0.5,0.5,1.1,1.1,0.6,0.6
"3012",3012,"guaribas.br","MELOCACTUS BAHIENSIS",3,6.1,2.03333333333333,11.2,5.6,5.1,3.56666666666667
"3015",3015,"guaribas.br","MICROSTACHYS CORNICULATA",3,0.5,0.5,0.5,0.5,0,0
"3019",3019,"guaribas.br","PERAMA HIRSUTA",3,0,0,0.5,0.5,0.5,0.5
"3024",3024,"guaribas.br","RHYNCHOSPORA HOLOSCHOENOIDES",3,31.4,15.7,17.1,17.1,-14.3,1.4
"3026",3026,"guaribas.br","RHYNCHOSPORA RIPARIA",3,5.6,2.8,5.7,5.7,0.100000000000001,2.9
"3028",3028,"guaribas.br","STAELIA VIRGATA",3,2.1,0.7,0.5,0.5,-1.6,-0.2
"3030",3030,"guaribas.br","STIGMAPHYLLON PARALIAS",3,1,1,0,0,-1,-1
"3032",3032,"guaribas.br","STYLOSANTHES VISCOSA",3,20.6,6.86666666666667,1,1,-19.6,-5.86666666666667
"3034",3034,"guaribas.br","TRACHYPOGON SPICATUS",3,222.5,37.0833333333333,127,42.3333333333333,-95.5,5.25
"3040",3040,"hard.us","ACHILLEA MILLEFOLIUM",3,2,1,1,1,-1,0
"3045",3045,"hard.us","ARTEMISIA NOVA",3,12,6,31,15.5,19,9.5
"3050",3050,"hard.us","ARTEMISIA TRIDENTATA",3,42,14,30,30,-12,16
"3055",3055,"hard.us","BROMUS TECTORUM",3,17,5.66666666666667,11,5.5,-6,-0.166666666666666
"3061",3061,"hard.us","CHRYSOTHAMNUS VISCIDIFLORUS",3,6,6,18,9,12,3
"3066",3066,"hard.us","COMANDRA UMBELLATA",3,2,1,0,0,-2,-1
"3070",3070,"hard.us","DALEA SEARLSIAE",3,1,1,1,1,0,0
"3071",3071,"hard.us","ERIOGONUM HERACLEOIDES",3,1,1,0,0,-1,-1
"3075",3075,"hard.us","KOELERIA MACRANTHA",3,6,6,15,15,9,9
"3080",3080,"hard.us","LINUM PERENNE",3,1,1,0,0,-1,-1
"3085",3085,"hard.us","LUPINUS ARGENTEUS",3,6,6,0,0,-6,-6
"3091",3091,"hard.us","ORTHOCARPUS TOLMIEI",3,1,1,2,1,1,0
"3092",3092,"hard.us","POA BULBOSA",3,2,2,0,0,-2,-2
"3093",3093,"hard.us","POA SECUNDA",3,1,1,1,1,0,0
"3097",3097,"hard.us","PSEUDOROEGNERIA SPICATA",3,17,5.66666666666667,1,1,-16,-4.66666666666667
"3102",3102,"hard.us","PURSHIA TRIDENTATA",3,2,2,12,12,10,10
"3107",3107,"hard.us","SYMPHYOTRICHUM ERICOIDES",3,6,2,14,4.66666666666667,8,2.66666666666667
"3109",3109,"hard.us","TARAXACUM TARAXACUM",3,0,0,1,1,1,1
"3112",3112,"hard.us","THLASPI ARVENSE",3,7,7,4,1.33333333333333,-3,-5.66666666666667
"3115",3115,"hard.us","TRAGOPOGON DUBIUS",3,1,1,1,1,0,0
"3123",3123,"hoide.de","BETULA PENDULA",3,30,30,0,0,-30,-30
"3127",3127,"hoide.de","CALLUNA VULGARIS",3,279,93,266,88.6666666666667,-13,-4.33333333333333
"3131",3131,"hoide.de","CAREX ARENARIA",3,11,3.66666666666667,4,1.33333333333333,-7,-2.33333333333333
"3135",3135,"hoide.de","DESCHAMPSIA FLEXUOSA",3,35,11.6666666666667,20,10,-15,-1.66666666666667
"3139",3139,"hoide.de","EMPETRUM NIGRUM",3,12,12,0,0,-12,-12
"3143",3143,"hoide.de","SALIX REPENS",3,1,1,9,9,8,8
"3147",3147,"hyide.de","CALLUNA VULGARIS",3,252,84,283.5,94.5,31.5,10.5
"3151",3151,"hyide.de","CAREX ARENARIA",3,1.6,0.533333333333333,1.85,0.616666666666667,0.25,0.0833333333333334
"3153",3153,"hyide.de","DESCHAMPSIA FLEXUOSA",3,0,0,0,0,0,0
"3162",3162,"jenadrt.de","ACHILLEA MILLEFOLIUM",3,28,28,0.5,0.5,-27.5,-27.5
"3166",3166,"jenadrt.de","AGRIMONIA EUPATORIA",3,1,1,0,0,-1,-1
"3169",3169,"jenadrt.de","ANAGALLIS ARVENSIS",3,0.5,0.5,0,0,-0.5,-0.5
"3172",3172,"jenadrt.de","APHANES ARVENSIS",3,0.5,0.5,0,0,-0.5,-0.5
"3178",3178,"jenadrt.de","ARENARIA SERPYLLIFOLIA",3,5,1.66666666666667,3,1,-2,-0.666666666666667
"3183",3183,"jenadrt.de","ARRHENATHERUM ELATIUS",3,2,2,3.5,1.16666666666667,1.5,-0.833333333333333
"3189",3189,"jenadrt.de","BELLIS PERENNIS",3,0.5,0.5,0,0,-0.5,-0.5
"3197",3197,"jenadrt.de","CARDAMINE HIRSUTA",3,0.5,0.5,0,0,-0.5,-0.5
"3202",3202,"jenadrt.de","CERASTIUM FONTANUM",3,48,16,4,4,-44,-12
"3214",3214,"jenadrt.de","CLINOPODIUM VULGARE",3,6.5,3.25,0,0,-6.5,-3.25
"3220",3220,"jenadrt.de","CONVOLVULUS ARVENSIS",3,28,14,3,3,-25,-11
"3226",3226,"jenadrt.de","CREPIS BIENNIS",3,17,5.66666666666667,2,1,-15,-4.66666666666667
"3231",3231,"jenadrt.de","DAUCUS CAROTA",3,0.5,0.5,0,0,-0.5,-0.5
"3235",3235,"jenadrt.de","ELYMUS REPENS",3,9,4.5,4.5,2.25,-4.5,-2.25
"3239",3239,"jenadrt.de","EPILOBIUM TETRAGONUM",3,0.5,0.5,0,0,-0.5,-0.5
"3244",3244,"jenadrt.de","FALCARIA VULGARIS",3,0,0,17,8.5,17,8.5
"3249",3249,"jenadrt.de","FRAGARIA VIRIDIS",3,0,0,0.5,0.5,0.5,0.5
"3253",3253,"jenadrt.de","GERANIUM DISSECTUM",3,5,1.66666666666667,0,0,-5,-1.66666666666667
"3259",3259,"jenadrt.de","GERANIUM PUSILLUM",3,5,1.66666666666667,72,24,67,22.3333333333333
"3265",3265,"jenadrt.de","GLECHOMA HEDERACEA",3,12,12,0,0,-12,-12
"3268",3268,"jenadrt.de","HYPERICUM PERFORATUM",3,0.5,0.5,0,0,-0.5,-0.5
"3270",3270,"jenadrt.de","LACTUCA SERRIOLA",3,0,0,3,1.5,3,1.5
"3277",3277,"jenadrt.de","LEONTODON HISPIDUS",3,1,1,0,0,-1,-1
"3281",3281,"jenadrt.de","LOLIUM PERENNE",3,41,13.6666666666667,83,27.6666666666667,42,14
"3287",3287,"jenadrt.de","MEDICAGO LUPULINA",3,8.5,2.83333333333333,0.5,0.5,-8,-2.33333333333333
"3298",3298,"jenadrt.de","PICRIS HIERACIOIDES",3,14,4.66666666666667,4.5,1.5,-9.5,-3.16666666666667
"3304",3304,"jenadrt.de","POA PRATENSIS",3,35,11.6666666666667,28,9.33333333333333,-7,-2.33333333333333
"3310",3310,"jenadrt.de","POA TRIVIALIS",3,0,0,0.5,0.5,0.5,0.5
"3316",3316,"jenadrt.de","SCORZONEROIDES AUTUMNALIS",3,1,1,0,0,-1,-1
"3327",3327,"jenadrt.de","TARAXACUM CAMPYLODES",3,50,16.6666666666667,7,3.5,-43,-13.1666666666667
"3331",3331,"jenadrt.de","TRAGOPOGON PRATENSIS",3,1,1,0,0,-1,-1
"3335",3335,"jenadrt.de","TRIFOLIUM DUBIUM",3,10,3.33333333333333,0,0,-10,-3.33333333333333
"3340",3340,"jenadrt.de","TRIFOLIUM REPENS",3,0.5,0.5,0,0,-0.5,-0.5
"3496",3496,"kernb.ca","ACHILLEA MILLEFOLIUM",3,1.5,0.5,4,1.33333333333333,2.5,0.833333333333333
"3507",3507,"kernb.ca","ANEMONE PATENS",3,1.5,0.75,0,0,-1.5,-0.75
"3512",3512,"kernb.ca","ARTEMISIA ABSINTHIUM",3,0.5,0.5,0,0,-0.5,-0.5
"3517",3517,"kernb.ca","ARTEMISIA FRIGIDA",3,66,22,14,4.66666666666667,-52,-17.3333333333333
"3522",3522,"kernb.ca","ARTEMISIA LUDOVICIANA",3,0.5,0.5,4,2,3.5,1.5
"3527",3527,"kernb.ca","ASTRAGALUS FLEXUOSUS",3,1,1,1.5,0.75,0.5,-0.25
"3537",3537,"kernb.ca","CERASTIUM ARVENSE",3,1,0.5,1,1,0,0.5
"3544",3544,"kernb.ca","ELYMUS TRACHYCAULUS",3,1,1,7.5,2.5,6.5,1.5
"3549",3549,"kernb.ca","FESTUCA ALTAICA",3,46,15.3333333333333,48,16,2,0.666666666666666
"3554",3554,"kernb.ca","GALIUM BOREALE",3,0.5,0.5,0.5,0.5,0,0
"3559",3559,"kernb.ca","HELICTOTRICHON HOOKERI",3,3,3,0,0,-3,-3
"3565",3565,"kernb.ca","LACTUCA TATARICA",3,0,0,1,0.5,1,0.5
"3570",3570,"kernb.ca","MUHLENBERGIA RICHARDSONIS",3,15,15,0,0,-15,-15
"3574",3574,"kernb.ca","PASCOPYRUM SMITHII",3,0.5,0.5,1.5,0.75,1,0.25
"3578",3578,"kernb.ca","POA PRATENSIS",3,0,0,13,6.5,13,6.5
"3583",3583,"kernb.ca","ROSA ARKANSANA",3,1,0.5,7,2.33333333333333,6,1.83333333333333
"3588",3588,"kernb.ca","SOLIDAGO CANADENSIS",3,0.5,0.5,0,0,-0.5,-0.5
"3593",3593,"kernb.ca","SOLIDAGO MISSOURIENSIS",3,0.5,0.5,0,0,-0.5,-0.5
"3598",3598,"kernb.ca","SONCHUS ARVENSIS",3,0,0,1,1,1,1
"3602",3602,"kernb.ca","STIPA CURTISETA",3,6,2,7,2.33333333333333,1,0.333333333333333
"3607",3607,"kernb.ca","SYMPHYOTRICHUM ERICOIDES",3,0,0,4,2,4,2
"3612",3612,"kernb.ca","TARAXACUM TARAXACUM",3,2,0.666666666666667,2,1,0,0.333333333333333
"3617",3617,"kernb.ca","VICIA AMERICANA",3,1,0.5,1,0.5,0,0
"3622",3622,"kernnu.ca","ACHILLEA MILLEFOLIUM",3,0.5,0.5,0,0,-0.5,-0.5
"3626",3626,"kernnu.ca","AGOSERIS GLAUCA",3,0,0,0.5,0.5,0.5,0.5
"3633",3633,"kernnu.ca","ARTEMISIA FRIGIDA",3,6,3,0,0,-6,-3
"3638",3638,"kernnu.ca","ARTEMISIA LUDOVICIANA",3,2.5,1.25,6,3,3.5,1.75
"3643",3643,"kernnu.ca","ASTRAGALUS FLEXUOSUS",3,0,0,2,0.666666666666667,2,0.666666666666667
"3648",3648,"kernnu.ca","CAMPANULA ROTUNDIFOLIA",3,2.5,1.25,1.5,0.75,-1,-0.5
"3655",3655,"kernnu.ca","CERASTIUM ARVENSE",3,0.5,0.5,1.5,0.75,1,0.25
"3659",3659,"kernnu.ca","CIRSIUM ARVENSE",3,1.5,0.75,1.5,0.75,0,0
"3663",3663,"kernnu.ca","ELYMUS TRACHYCAULUS",3,5,1.66666666666667,4.5,1.5,-0.5,-0.166666666666667
"3668",3668,"kernnu.ca","FESTUCA ALTAICA",3,85,28.3333333333333,45,15,-40,-13.3333333333333
"3673",3673,"kernnu.ca","GALIUM BOREALE",3,1.5,0.75,0,0,-1.5,-0.75
"3677",3677,"kernnu.ca","HELICTOTRICHON HOOKERI",3,3,3,0,0,-3,-3
"3682",3682,"kernnu.ca","LACTUCA TATARICA",3,1,0.5,0,0,-1,-0.5
"3688",3688,"kernnu.ca","PASCOPYRUM SMITHII",3,0.5,0.5,0.5,0.5,0,0
"3693",3693,"kernnu.ca","POA PRATENSIS",3,0,0,32,16,32,16
"3698",3698,"kernnu.ca","ROSA ARKANSANA",3,0,0,17,8.5,17,8.5
"3704",3704,"kernnu.ca","SONCHUS ARVENSIS",3,3,3,2,2,-1,-1
"3709",3709,"kernnu.ca","STIPA CURTISETA",3,3,1.5,3,1.5,0,0
"3714",3714,"kernnu.ca","SYMPHYOTRICHUM ERICOIDES",3,3,3,0,0,-3,-3
"3719",3719,"kernnu.ca","TARAXACUM TARAXACUM",3,4,4,7.5,2.5,3.5,-1.5
"3726",3726,"kernnu.ca","VICIA AMERICANA",3,1.5,0.5,1,0.5,-0.5,0
"3731",3731,"kinsella.ca","ACHILLEA MILLEFOLIUM",3,3,3,30,15,27,12
"3736",3736,"kinsella.ca","ANEMONE PATENS",3,4,4,28,14,24,10
"3741",3741,"kinsella.ca","ARTEMISIA FRIGIDA",3,5,5,59,11.8,54,6.8
"3746",3746,"kinsella.ca","ASTRAGALUS AGRESTIS",3,4,2,5,2.5,1,0.5
"3751",3751,"kinsella.ca","CHENOPODIUM ALBUM",3,5,5,0,0,-5,-5
"3754",3754,"kinsella.ca","ELYMUS LANCEOLATUS",3,0,0,5,5,5,5
"3758",3758,"kinsella.ca","ELYMUS TRACHYCAULUS",3,30,15,4,4,-26,-11
"3763",3763,"kinsella.ca","FESTUCA HALLII",3,15,15,35,17.5,20,2.5
"3768",3768,"kinsella.ca","GEUM TRIFLORUM",3,15,15,0,0,-15,-15
"3775",3775,"kinsella.ca","PASCOPYRUM SMITHII",3,48,9.6,42,8.4,-6,-1.2
"3780",3780,"kinsella.ca","POA PRATENSIS",3,325,65,160,32,-165,-33
"3786",3786,"kinsella.ca","SOLIDAGO MISSOURIENSIS",3,3,3,2,2,-1,-1
"3791",3791,"kinsella.ca","STIPA COMATA",3,25,6.25,13,6.5,-12,0.25
"3794",3794,"kinsella.ca","STIPA CURTISETA",3,0,0,15,15,15,15
"3799",3799,"kinsella.ca","SYMPHYOTRICHUM FALCATUM",3,7,3.5,21,7,14,3.5
"3806",3806,"kinsella.ca","VICIA AMERICANA",3,6,3,10,2.5,4,-0.5
"3859",3859,"konzadrt.us","AMBROSIA PSILOSTACHYA",3,13,2.6,26,6.5,13,3.9
"3862",3862,"konzadrt.us","AMORPHA CANESCENS",3,0,0,5,5,5,5
"3866",3866,"konzadrt.us","ANDROPOGON GERARDII",3,375,75,280,56,-95,-19
"3871",3871,"konzadrt.us","ANTENNARIA NEGLECTA",3,2,2,0,0,-2,-2
"3875",3875,"konzadrt.us","ARTEMISIA LUDOVICIANA",3,0,0,1,1,1,1
"3878",3878,"konzadrt.us","ASCLEPIAS VERTICILLATA",3,2,1,0,0,-2,-1
"3883",3883,"konzadrt.us","ASCLEPIAS VIRIDIS",3,0,0,6,6,6,6
"3889",3889,"konzadrt.us","BOUTELOUA CURTIPENDULA",3,2,1,100,50,98,49
"3892",3892,"konzadrt.us","BOUTELOUA GRACILIS",3,15,15,1,1,-14,-14
"3894",3894,"konzadrt.us","BUCHLOE DACTYLOIDES",3,0,0,33,11,33,11
"3902",3902,"konzadrt.us","CAREX INOPS",3,6,1.2,5,2.5,-1,1.3
"3906",3906,"konzadrt.us","CAREX MEADII",3,6,1.5,4,1,-2,-0.5
"3910",3910,"konzadrt.us","CYPERUS LUPULINUS",3,1,1,1,1,0,0
"3912",3912,"konzadrt.us","DALEA CANDIDA",3,8,8,4,2,-4,-6
"3917",3917,"konzadrt.us","DICHANTHELIUM OLIGOSANTHES",3,16,3.2,8,1.6,-8,-1.6
"3920",3920,"konzadrt.us","ERAGROSTIS SPECTABILIS",3,24,6,13,4.33333333333333,-11,-1.66666666666667
"3929",3929,"konzadrt.us","KOELERIA MACRANTHA",3,12,2.4,11,2.2,-1,-0.2
"3935",3935,"konzadrt.us","MIMOSA NUTTALLII",3,1,1,0,0,-1,-1
"3938",3938,"konzadrt.us","OXALIS STRICTA",3,1,1,3,1,2,0
"3947",3947,"konzadrt.us","PSORALIDIUM TENUIFLORUM",3,100,25,110,22,10,-3
"3952",3952,"konzadrt.us","RUELLIA HUMILIS",3,5,1.25,12,4,7,2.75
"3962",3962,"konzadrt.us","SORGHASTRUM NUTANS",3,12,6,90,45,78,39
"3966",3966,"konzadrt.us","SPOROBOLUS COMPOSITUS",3,11,3.66666666666667,26,6.5,15,2.83333333333333
"3971",3971,"konzadrt.us","SYMPHYOTRICHUM ERICOIDES",3,170,34,138,27.6,-32,-6.4
"3976",3976,"konzadrt.us","SYMPHYOTRICHUM OBLONGIFOLIUM",3,5,5,0,0,-5,-5
"3979",3979,"konzadrt.us","TRIDENS FLAVUS",3,1,1,0,0,-1,-1
"3984",3984,"kranz.de","FAGUS SYLVATICA",3,300,50,300,50,0,0
"3990",3990,"kranz.de","PICEA ABIES",3,300,50,300,50,0,0
"4294",4294,"marcdrt.ar","ACMELLA DECUMBENS",3,2,2,1,1,-1,-1
"4299",4299,"marcdrt.ar","AGROSTIS MONTEVIDENSIS",3,6,3,10,3.33333333333333,4,0.333333333333333
"4304",4304,"marcdrt.ar","AMBROSIA TENUIFOLIA",3,0,0,2,2,2,2
"4307",4307,"marcdrt.ar","BACCHARIS JUNCEA",3,1,1,0,0,-1,-1
"4314",4314,"marcdrt.ar","BROMUS CATHARTICUS",3,1,1,2,1,1,0
"4328",4328,"marcdrt.ar","CORTADERIA SELLOANA",3,0,0,8,8,8,8
"4330",4330,"marcdrt.ar","CYCLOSPERMUM LEPTOPHYLLUM",3,0,0,1,1,1,1
"4339",4339,"marcdrt.ar","ERYNGIUM EBRACTEATUM",3,7,7,0,0,-7,-7
"4343",4343,"marcdrt.ar","FESTUCA ARUNDINACEA",3,303,75.75,335,83.75,32,8
"4350",4350,"marcdrt.ar","HORDEUM PUSILLUM",3,1,1,1,1,0,0
"4354",4354,"marcdrt.ar","HYDROCOTYLE BONARIENSIS",3,23,5.75,16,4,-7,-1.75
"4360",4360,"marcdrt.ar","JUNCUS IMBRICATUS",3,1,1,2,1,1,0
"4374",4374,"marcdrt.ar","MELILOTUS OFFICINALIS",3,0,0,1,1,1,1
"4377",4377,"marcdrt.ar","PHYLA NODIFLORA",3,0,0,5,5,5,5
"4380",4380,"marcdrt.ar","PICROSIA LONGIFOLIA",3,1,1,0,0,-1,-1
"4396",4396,"marcdrt.ar","SPARTINA DENSIFLORA",3,41,10.25,54,13.5,13,3.25
"4401",4401,"marcdrt.ar","STENOTAPHRUM SECUNDATUM",3,1,1,1,1,0,0
"4408",4408,"matador.ca","ACHILLEA MILLEFOLIUM",3,1.5,0.5,0,0,-1.5,-0.5
"4415",4415,"matador.ca","ARTEMISIA FRIGIDA",3,3.5,1.16666666666667,2.5,0.833333333333333,-1,-0.333333333333333
"4423",4423,"matador.ca","CERASTIUM ARVENSE",3,0.5,0.5,0.5,0.5,0,0
"4428",4428,"matador.ca","COMANDRA UMBELLATA",3,0.5,0.5,1.5,0.75,1,0.25
"4434",4434,"matador.ca","GALIUM BOREALE",3,15,5,0.5,0.5,-14.5,-4.5
"4441",4441,"matador.ca","KOELERIA MACRANTHA",3,0.5,0.5,0,0,-0.5,-0.5
"4446",4446,"matador.ca","KRASCHENINNIKOVIA LANATA",3,4.5,1.5,38,12.6666666666667,33.5,11.1666666666667
"4451",4451,"matador.ca","LINUM RIGIDUM",3,0.5,0.5,1,1,0.5,0.5
"4456",4456,"matador.ca","NASSELLA VIRIDULA",3,59,19.6666666666667,43,14.3333333333333,-16,-5.33333333333333
"4461",4461,"matador.ca","PASCOPYRUM SMITHII",3,7.5,2.5,27,9,19.5,6.5
"4471",4471,"matador.ca","SYMPHYOTRICHUM ERICOIDES",3,1.5,0.75,2,0.666666666666667,0.5,-0.0833333333333334
"4474",4474,"matador.ca","TARAXACUM TARAXACUM",3,0.5,0.5,0,0,-0.5,-0.5
"4479",4479,"matador.ca","VICIA AMERICANA",3,0.5,0.5,0,0,-0.5,-0.5
"4487",4487,"mattheis.ca","ARTEMISIA FRIGIDA",3,50,10,28,9.33333333333333,-22,-0.666666666666666
"4491",4491,"mattheis.ca","BOUTELOUA GRACILIS",3,145,29,135,27,-10,-2
"4498",4498,"mattheis.ca","HESPEROSTIPA COMATA",3,78,15.6,85,17,7,1.4
"4503",4503,"mattheis.ca","KOELERIA MACRANTHA",3,45,9,60,12,15,3
"4507",4507,"mattheis.ca","LITHOSPERMUM INCISUM",3,0,0,5,2.5,5,2.5
"4511",4511,"mattheis.ca","POA CUSICKII",3,3,3,10,3.33333333333333,7,0.333333333333333
"4515",4515,"mattheis.ca","SYMPHYOTRICHUM ERICOIDES",3,2,2,5,5,3,3
"4518",4518,"mattheis.ca","TARAXACUM TARAXACUM",3,8,8,7,3.5,-1,-4.5
"4522",4522,"mattheis.ca","TRAGOPOGON DUBIUS",3,5,2.5,0,0,-5,-2.5
"4525",4525,"milparinka.au","ABUTILON HALOPHILUM",3,5,1.66666666666667,0,0,-5,-1.66666666666667
"4528",4528,"milparinka.au","ASTREBLA LAPPACEA",3,42,14,48,16,6,2
"4546",4546,"milparinka.au","SCLEROLAENA DIACANTHA",3,6,2,2,0.666666666666667,-4,-1.33333333333333
"4551",4551,"milparinka.au","SIDA PETROPHILA",3,1,0.333333333333333,0,0,-1,-0.333333333333333
"4567",4567,"naposta.ar","AVENA BARBATA",3,160,53.3333333333333,185,61.6666666666667,25,8.33333333333333
"4572",4572,"naposta.ar","BACCHARIS ULICINA",3,1,1,11,5.5,10,4.5
"4576",4576,"naposta.ar","BROMUS CATHARTICUS",3,1,1,1,1,0,0
"4581",4581,"naposta.ar","DIPLOTAXIS TENUIFOLIA",3,3,1,3,1,0,0
"4592",4592,"naposta.ar","NASSELLA NEESIANA",3,70,23.3333333333333,7,2.33333333333333,-63,-21
"4596",4596,"naposta.ar","NASSELLA TRICHOTOMA",3,6,3,16,5.33333333333333,10,2.33333333333333
"4601",4601,"naposta.ar","PAPPOPHORUM CAESPITOSUM",3,1,1,0,0,-1,-1
"4606",4606,"naposta.ar","SOLANUM aethiopicum",3,1,1,0,0,-1,-1
"4609",4609,"naposta.ar","SPHAERALCEA AUSTRALIS",3,1,1,0,0,-1,-1
"4611",4611,"naposta.ar","STIPA PAPPOSA",3,1,1,0,0,-1,-1
"4612",4612,"naposta.ar","TRAGOPOGON DUBIUS",3,1,1,0,0,-1,-1
"4648",4648,"nplatte.us","ALYSSUM DESERTORUM",3,12,1.5,16,2.66666666666667,4,1.16666666666667
"4652",4652,"nplatte.us","ARTEMISIA FRIGIDA",3,10,10,0,0,-10,-10
"4656",4656,"nplatte.us","ARTEMISIA TRIDENTATA",3,3,3,5,5,2,2
"4660",4660,"nplatte.us","BOUTELOUA GRACILIS",3,58,8.28571428571429,50,7.14285714285714,-8,-1.14285714285714
"4664",4664,"nplatte.us","BROMUS TECTORUM",3,40,5.71428571428571,46,7.66666666666667,6,1.95238095238095
"4668",4668,"nplatte.us","CAREX FILIFOLIA",3,145,18.125,58,8.28571428571429,-87,-9.83928571428571
"4669",4669,"nplatte.us","CRYPTANTHA AMBIGUA",3,1,1,15,5,14,4
"4672",4672,"nplatte.us","CYMOPTERUS GLOMERATUS",3,1,1,0,0,-1,-1
"4673",4673,"nplatte.us","DESCURAINIA PINNATA",3,1,1,12,6,11,5
"4677",4677,"nplatte.us","ERIOGONUM EFFUSUM",3,7,7,0,0,-7,-7
"4682",4682,"nplatte.us","HESPEROSTIPA COMATA",3,17,4.25,10,10,-7,5.75
"4683",4683,"nplatte.us","LAPPULA OCCIDENTALIS var. OCCIDENTALIS",3,0,0,5,5,5,5
"4687",4687,"nplatte.us","OPUNTIA POLYACANTHA",3,3,1.5,35,11.6666666666667,32,10.1666666666667
"4691",4691,"nplatte.us","PLANTAGO PATAGONICA",3,5,1,0,0,-5,-1
"4695",4695,"nplatte.us","POA SECUNDA",3,6,3,2,2,-4,-1
"4698",4698,"nplatte.us","SISYMBRIUM ALTISSIMUM",3,1,1,5,5,4,4
"4701",4701,"nplatte.us","SPHAERALCEA COCCINEA",3,6,2,2,1,-4,-1
"4715",4715,"oklah.us","ACHILLEA MILLEFOLIUM",3,0,0,0.5,0.5,0.5,0.5
"4720",4720,"oklah.us","AMBROSIA PSILOSTACHYA",3,39.5,6.58333333333333,21,7,-18.5,0.416666666666666
"4723",4723,"oklah.us","AMPHIACHYRIS DRACUNCULOIDES",3,4,1.33333333333333,0.5,0.5,-3.5,-0.833333333333333
"4725",4725,"oklah.us","ANDROPOGON VIRGINICUS",3,0,0,0.5,0.5,0.5,0.5
"4728",4728,"oklah.us","ASCLEPIAS ARENARIA",3,0.5,0.5,0,0,-0.5,-0.5
"4729",4729,"oklah.us","ASCLEPIAS FASCICULARIS",3,0.5,0.5,0,0,-0.5,-0.5
"4730",4730,"oklah.us","ASCLEPIAS STENOPHYLLA",3,0.5,0.5,0,0,-0.5,-0.5
"4733",4733,"oklah.us","BOTHRIOCHLOA ISCHAEMUM",3,3,3,3,3,0,0
"4737",4737,"oklah.us","BRADBURIA PILOSA",3,0.5,0.5,0,0,-0.5,-0.5
"4741",4741,"oklah.us","CALYLOPHUS SERRULATUS",3,33.5,8.375,3,3,-30.5,-5.375
"4743",4743,"oklah.us","CERCIS CANADENSIS",3,15,15,0,0,-15,-15
"4747",4747,"oklah.us","CHAMAECRISTA FASCICULATA",3,1.5,0.5,0.5,0.5,-1,0
"4753",4753,"oklah.us","CROTON MONANTHOGYNUS",3,10,2,3.5,1.75,-6.5,-0.25
"4759",4759,"oklah.us","DALEA PURPUREA",3,21.5,5.375,18.5,6.16666666666667,-3,0.791666666666666
"4764",4764,"oklah.us","DESMANTHUS ILLINOENSIS",3,3,3,3,3,0,0
"4767",4767,"oklah.us","DIAPERIA PROLIFERA",3,0.5,0.5,0,0,-0.5,-0.5
"4771",4771,"oklah.us","DICHANTHELIUM OLIGOSANTHES",3,12.5,2.5,53,17.6666666666667,40.5,15.1666666666667
"4778",4778,"oklah.us","ERIGERON STRIGOSUS",3,3,0.5,3,3,0,2.5
"4785",4785,"oklah.us","GALIUM VIRGATUM",3,0.5,0.5,6,3,5.5,2.5
"4791",4791,"oklah.us","HEDEOMA HISPIDA",3,1,0.5,0,0,-1,-0.5
"4793",4793,"oklah.us","JUNIPERUS VIRGINIANA",3,0.5,0.5,0,0,-0.5,-0.5
"4797",4797,"oklah.us","LESPEDEZA CAPITATA",3,0.5,0.5,0.5,0.5,0,0
"4801",4801,"oklah.us","LESPEDEZA JUNCEA var. SERICEA",3,52.5,26.25,15.5,7.75,-37,-18.5
"4806",4806,"oklah.us","LIATRIS SQUARROSA",3,15,15,1,0.5,-14,-14.5
"4813",4813,"oklah.us","OXALIS STRICTA",3,0.5,0.5,0,0,-0.5,-0.5
"4818",4818,"oklah.us","PLANTAGO PATAGONICA",3,0,0,0.5,0.5,0.5,0.5
"4821",4821,"oklah.us","PLANTAGO VIRGINICA",3,1.5,0.5,1,0.5,-0.5,0
"4825",4825,"oklah.us","PSORALIDIUM TENUIFLORUM",3,6,3,0,0,-6,-3
"4830",4830,"oklah.us","RATIBIDA COLUMNIFERA",3,0,0,0.5,0.5,0.5,0.5
"4835",4835,"oklah.us","RHUS COPALLINUM",3,15,15,3,3,-12,-12
"4840",4840,"oklah.us","SABATIA CAMPESTRIS",3,4,1.33333333333333,1,0.5,-3,-0.833333333333333
"4844",4844,"oklah.us","SCHIZACHYRIUM SCOPARIUM",3,277.5,46.25,112.5,37.5,-165,-8.75
"4846",4846,"oklah.us","SOLANUM ELAEAGNIFOLIUM",3,0.5,0.5,0,0,-0.5,-0.5
"4851",4851,"oklah.us","SOLIDAGO NEMORALIS",3,9,3,38,19,29,16
"4856",4856,"oklah.us","SOLIDAGO RIGIDA",3,33,11,6,3,-27,-8
"4861",4861,"oklah.us","SORGHASTRUM NUTANS",3,66,11,45,15,-21,4
"4868",4868,"oklah.us","SPOROBOLUS COMPOSITUS",3,98,16.3333333333333,80.5,26.8333333333333,-17.5,10.5
"4875",4875,"oklah.us","SYMPHYOTRICHUM ERICOIDES",3,48,12,55.5,18.5,7.5,6.5
"4878",4878,"oklah.us","TETRANEURIS LINEARIFOLIA",3,1,0.5,0,0,-1,-0.5
"4881",4881,"oklah.us","THELESPERMA FILIFOLIUM",3,0,0,0.5,0.5,0.5,0.5
"4884",4884,"oklah.us","TRAGIA BETONICIFOLIA",3,2,0.5,0.5,0.5,-1.5,0
"4890",4890,"oklah.us","VERBENA HALEI",3,3,3,0,0,-3,-3
"4898",4898,"oreaa.us","ARTEMISIA ARBUSCULA",3,38,9.5,57.5,14.375,19.5,4.875
"4903",4903,"oreaa.us","BLEPHARIPAPPUS SCABER",3,2.5,0.5,2.5,0.5,0,0
"4912",4912,"oreaa.us","COLLINSIA PARVIFLORA",3,0.5,0.5,1,0.5,0.5,0
"4917",4917,"oreaa.us","DANTHONIA CALIFORNICA",3,4,2,22,7.33333333333333,18,5.33333333333333
"4921",4921,"oreaa.us","DRABA VERNA",3,0.5,0.5,0.5,0.5,0,0
"4926",4926,"oreaa.us","ELYMUS ELYMOIDES",3,8,2.66666666666667,11.5,2.875,3.5,0.208333333333333
"4931",4931,"oreaa.us","EPILOBIUM BRACHYCARPUM",3,1.5,0.5,2,0.5,0.5,0
"4936",4936,"oreaa.us","EREMOGONE CONGESTA",3,0,0,1,0.5,1,0.5
"4941",4941,"oreaa.us","ERIGERON BLOOMERI",3,3.5,0.875,1.5,0.75,-2,-0.125
"4946",4946,"oreaa.us","ERIOGONUM SPHAEROCEPHALUM",3,2,1,3,0.75,1,-0.25
"4951",4951,"oreaa.us","FESTUCA IDAHOENSIS",3,55.5,11.1,41.5,8.3,-14,-2.8
"4955",4955,"oreaa.us","IDAHOA SCAPIGERA",3,0.5,0.5,0.5,0.5,0,0
"4961",4961,"oreaa.us","NAVARRETIA INTERTEXTA SSP. PROPINQUA",3,3,0.6,1.5,0.5,-1.5,-0.1
"4966",4966,"oreaa.us","NOTHOCALAIS TROXIMOIDES",3,4,2,4.5,2.25,0.5,0.25
"4971",4971,"oreaa.us","PACKERA CANA",3,24,12,0.5,0.5,-23.5,-11.5
"4975",4975,"oreaa.us","PERIDERIDIA OREGANA",3,1,1,0,0,-1,-1
"4980",4980,"oreaa.us","PHLOX HOODII",3,2,1,2.5,0.833333333333333,0.5,-0.166666666666667
"4986",4986,"oreaa.us","SEDUM STENOPETALUM",3,2,0.666666666666667,3.5,0.875,1.5,0.208333333333333
"4991",4991,"oreaa.us","TRIFOLIUM MACROCEPHALUM",3,0.5,0.5,1,1,0.5,0.5
"4996",4996,"oreaa.us","VENTENATA DUBIA",3,19.5,3.9,31.5,6.3,12,2.4
"5001",5001,"oreac.us","ACHILLEA MILLEFOLIUM",3,21,10.5,3,1,-18,-9.5
"5006",5006,"oreac.us","ACMISPON AMERICANUS",3,2.5,0.833333333333333,1,1,-1.5,0.166666666666667
"5011",5011,"oreac.us","ARTEMISIA ARBUSCULA",3,31.5,10.5,0,0,-31.5,-10.5
"5016",5016,"oreac.us","ARTEMISIA CANA",3,75,18.75,137,34.25,62,15.5
"5022",5022,"oreac.us","BROMUS JAPONICUS",3,58.5,11.7,38,9.5,-20.5,-2.2
"5025",5025,"oreac.us","CHRYSOTHAMNUS VISCIDIFLORUS",3,3.5,3.5,0,0,-3.5,-3.5
"5029",5029,"oreac.us","COLLINSIA PARVIFLORA",3,1.5,0.5,1.5,0.5,0,0
"5034",5034,"oreac.us","COLLOMIA GRANDIFLORA",3,1,0.5,2,0.5,1,0
"5039",5039,"oreac.us","DRABA VERNA",3,0,0,0.5,0.5,0.5,0.5
"5044",5044,"oreac.us","ELYMUS ELYMOIDES",3,14,7,3.5,3.5,-10.5,-3.5
"5049",5049,"oreac.us","EPILOBIUM BRACHYCARPUM",3,1.5,0.5,1.5,0.5,0,0
"5053",5053,"oreac.us","ERIOPHYLLUM LANATUM var. LEUCOPHYLLUM",3,0,0,3.5,3.5,3.5,3.5
"5058",5058,"oreac.us","FESTUCA IDAHOENSIS",3,62.5,12.5,31,15.5,-31.5,3
"5062",5062,"oreac.us","NAVARRETIA INTERTEXTA SSP. PROPINQUA",3,0.5,0.5,1,0.5,0.5,0
"5066",5066,"oreac.us","PERIDERIDIA OREGANA",3,6.5,1.3,8.5,2.125,2,0.825
"5070",5070,"oreac.us","POA BULBOSA",3,15,5,0,0,-15,-5
"5075",5075,"oreac.us","POA SECUNDA",3,28,7,7,3.5,-21,-3.5
"5081",5081,"oreac.us","TRIFOLIUM MACROCEPHALUM",3,0,0,10.5,10.5,10.5,10.5
"5086",5086,"oreac.us","VENTENATA DUBIA",3,4.5,1.5,9,2.25,4.5,0.75
"5091",5091,"paike.ar","ACAENA PINNATIFIDA",3,0,0,2,1,2,1
"5096",5096,"paike.ar","ACAENA POEPPIGIANA",3,4,1.33333333333333,2,1,-2,-0.333333333333333
"5101",5101,"paike.ar","ADESMIA LOTOIDES",3,1,1,0,0,-1,-1
"5106",5106,"paike.ar","AGROSTIS INCONSPICUA",3,1,1,2,1,1,0
"5111",5111,"paike.ar","ARJONA TUBEROSA",3,0,0,1,1,1,1
"5115",5115,"paike.ar","ARMERIA MARITIMA",3,3,1,2,1,-1,0
"5120",5120,"paike.ar","AZORELLA FUEGIANA",3,1,1,4,2,3,1
"5125",5125,"paike.ar","AZORELLA MONANTHA",3,1,1,1,1,0,0
"5130",5130,"paike.ar","BROMUS SETIFOLIUS",3,0,0,4,2,4,2
"5135",5135,"paike.ar","CALCEOLARIA UNIFLORA",3,1,1,0,0,-1,-1
"5140",5140,"paike.ar","CAREX ANDINA",3,16,5.33333333333333,9,3,-7,-2.33333333333333
"5145",5145,"paike.ar","CERASTIUM ARVENSE",3,2,1,1,1,-1,0
"5150",5150,"paike.ar","CLINOPODIUM DARWINII",3,2,1,3,1.5,1,0.5
"5155",5155,"paike.ar","COLOBANTHUS LYCOPODOIDES",3,3,1.5,2,1,-1,-0.5
"5160",5160,"paike.ar","DESCHAMPSIA CESPITOSA",3,1,1,2,1,1,0
"5165",5165,"paike.ar","ERIGERON PATAGONICUS",3,0,0,2,1,2,1
"5170",5170,"paike.ar","FESTUCA PYROGEA",3,26,8.66666666666667,14,4.66666666666667,-12,-4
"5175",5175,"paike.ar","HYPOCHAERIS INCANA",3,0,0,2,1,2,1
"5180",5180,"paike.ar","JUNELLIA ODONELLII",3,3,1,3,1.5,0,0.5
"5185",5185,"paike.ar","LATHYRUS NERVOSUS",3,0,0,1,1,1,1
"5189",5189,"paike.ar","LEUCHERIA PURPUREA",3,1,1,3,1,2,0
"5194",5194,"paike.ar","LUZULA CHILENSIS",3,7,2.33333333333333,3,1.5,-4,-0.833333333333333
"5199",5199,"paike.ar","NARDOPHYLLUM BRYOIDES",3,21,7,19,6.33333333333333,-2,-0.666666666666667
"5204",5204,"paike.ar","NASSAUVIA ACULEATA",3,3,1,1,1,-2,0
"5209",5209,"paike.ar","NASSAUVIA DARWINII",3,2,1,1,1,-1,0
"5214",5214,"paike.ar","OXALIS ENNEAPHYLLA",3,1,1,1,1,0,0
"5219",5219,"paike.ar","PEREZIA RECURVATA",3,9,3,14,4.66666666666667,5,1.66666666666667
"5224",5224,"paike.ar","POA SPICIFORMIS",3,45,15,33,11,-12,-4
"5229",5229,"paike.ar","POLYGALA DARWINIANA",3,0,0,3,1,3,1
"5234",5234,"paike.ar","RYTIDOSPERMA VIRESCENS",3,7,3.5,10,5,3,1.5
"5239",5239,"paike.ar","SENECIO LASEGUEI",3,1,1,0,0,-1,-1
"5244",5244,"paike.ar","SENECIO MISER",3,1,1,2,1,1,0
"5249",5249,"paike.ar","STIPA SPECIOSA",3,64,21.3333333333333,78,26,14,4.66666666666667
"5254",5254,"passogavia.it","AGROSTIS RUPESTRIS",3,13,2.6,8.5,1.7,-4.5,-0.9
"5258",5258,"passogavia.it","ALCHEMILLA PENTAPHYLLEA",3,173,34.6,269,53.8,96,19.2
"5262",5262,"passogavia.it","ANTHOXANTHUM ODORATUM",3,0.5,0.5,0.3,0.3,-0.2,-0.2
"5266",5266,"passogavia.it","CAREX CURVULA",3,210,42,198,39.6,-12,-2.4
"5269",5269,"passogavia.it","EUPHRASIA MINIMA",3,0.01,0.01,0.01,0.01,0,0
"5273",5273,"passogavia.it","FESTUCA HALLERI",3,0.4,0.4,2,2,1.6,1.6
"5277",5277,"passogavia.it","GNAPHALIUM SUPINUM",3,0.15,0.075,0.06,0.03,-0.09,-0.045
"5281",5281,"passogavia.it","HELICTOTRICHON VERSICOLOR",3,0,0,5.5,2.75,5.5,2.75
"5287",5287,"passogavia.it","LEUCANTHEMOPSIS ALPINA",3,3.65,0.73,2.2,0.44,-1.45,-0.29
"5291",5291,"passogavia.it","LIGUSTICUM MUTELLINA",3,32,16,48,48,16,32
"5293",5293,"passogavia.it","LOTUS ALPINUS",3,0,0,0.05,0.05,0.05,0.05
"5297",5297,"passogavia.it","LYCOPODIUM ALPINUM",3,0,0,0.1,0.1,0.1,0.1
"5301",5301,"passogavia.it","OREOCHLOA DISTICHA",3,10,5,0.8,0.8,-9.2,-4.2
"5305",5305,"passogavia.it","PERSICARIA VIVIPARA",3,2.3,1.15,0.4,0.4,-1.9,-0.75
"5309",5309,"passogavia.it","PHLEUM ALPINUM",3,0,0,0.3,0.3,0.3,0.3
"5313",5313,"passogavia.it","PHYTEUMA HEMISPHAERICUM",3,11,2.2,9.5,1.9,-1.5,-0.3
"5317",5317,"passogavia.it","POA ALPINA",3,10.5,2.1,12.9,2.58,2.4,0.48
"5321",5321,"passogavia.it","POTENTILLA AUREA",3,7,2.33333333333333,0.73,0.365,-6.27,-1.96833333333333
"5325",5325,"passogavia.it","PRIMULA GLUTINOSA",3,3.2,1.06666666666667,2.1,1.05,-1.1,-0.0166666666666666
"5329",5329,"passogavia.it","SALIX HERBACEA",3,0.55,0.275,1,0.5,0.45,0.225
"5333",5333,"passogavia.it","SCORZONEROIDES HELVETICA",3,15.5,3.1,10,2,-5.5,-1.1
"5337",5337,"passogavia.it","SOLDANELLA PUSILLA",3,33.3,6.66,65,13,31.7,6.34
"5341",5341,"passogavia.it","TARAXACUM ALPINUM",3,0.3,0.15,0.3,0.3,-5.55111512312578e-17,0.15
"5492",5492,"quilpie.au","CALOTIS HISPIDULA",3,45,15,25,8.33333333333333,-20,-6.66666666666667
"5495",5495,"quilpie.au","ENNEAPOGON AVENACEUS",3,5.75,1.91666666666667,8,4,2.25,2.08333333333333
"5498",5498,"quilpie.au","EUPHORBIA DRUMMONDII",3,8,8,10,10,2,2
"5501",5501,"quilpie.au","SCLEROLAENA DIACANTHA",3,4.75,2.375,2.5,1.25,-2.25,-1.125
"5504",5504,"quilpie.au","SCLEROLAENA ERIACANTHA",3,1.25,0.416666666666667,1,1,-0.25,0.583333333333333
"5506",5506,"quilpie.au","THYRIDOLEPIS MITCHELLIANA",3,4.5,1.5,4,2,-0.5,0.5
"5519",5519,"rhijn.nl","ANTHRISCUS SYLVESTRIS",3,2,2,0,0,-2,-2
"5524",5524,"rhijn.nl","ARRHENATHERUM ELATIUS",3,100,16.6666666666667,60,20,-40,3.33333333333333
"5532",5532,"rhijn.nl","CENTAUREA JACEA",3,60,15,25,12.5,-35,-2.5
"5542",5542,"rhijn.nl","DACTYLIS GLOMERATA",3,140,23.3333333333333,110,36.6666666666667,-30,13.3333333333333
"5549",5549,"rhijn.nl","FESTUCA RUBRA",3,96,16,31,10.3333333333333,-65,-5.66666666666667
"5554",5554,"rhijn.nl","GALIUM MOLLUGO",3,200,33.3333333333333,65,21.6666666666667,-135,-11.6666666666667
"5559",5559,"rhijn.nl","HOLCUS LANATUS",3,11,5.5,15,7.5,4,2
"5565",5565,"rhijn.nl","JACOBAEA VULGARIS",3,11,2.75,0,0,-11,-2.75
"5569",5569,"rhijn.nl","LATHYRUS PRATENSIS",3,0,0,1,1,1,1
"5574",5574,"rhijn.nl","LEUCANTHEMUM VULGARE",3,4,2,10,10,6,8
"5580",5580,"rhijn.nl","LYSIMACHIA NUMMULARIA",3,0,0,2,2,2,2
"5584",5584,"rhijn.nl","PLANTAGO LANCEOLATA",3,17,3.4,3,3,-14,-0.4
"5588",5588,"rhijn.nl","POA PRATENSIS",3,7,1.75,5,5,-2,3.25
"5593",5593,"rhijn.nl","POTENTILLA REPTANS",3,12,4,12,6,0,2
"5601",5601,"rhijn.nl","RANUNCULUS ACRIS",3,17,2.83333333333333,8,2.66666666666667,-9,-0.166666666666667
"5603",5603,"rhijn.nl","ROSA CANINA",3,1,1,0,0,-1,-1
"5606",5606,"rhijn.nl","RUMEX ACETOSA",3,1,1,1,1,0,0
"5610",5610,"rhijn.nl","TARAXACUM TARAXACUM",3,11,2.2,3,1.5,-8,-0.7
"5617",5617,"rhijn.nl","TRISETUM FLAVESCENS",3,0,0,5,5,5,5
"5622",5622,"rhijn.nl","VERONICA CHAMAEDRYS",3,6,2,3,1.5,-3,-0.5
"5670",5670,"sclaudio.ar","CHENOPODIUM QUINOA",3,1,1,1,1,0,0
"5675",5675,"sclaudio.ar","CYNODON DACTYLON",3,10,5,22,5.5,12,0.5
"5679",5679,"sclaudio.ar","FESTUCA ARUNDINACEA",3,305,76.25,280,70,-25,-6.25
"5685",5685,"sclaudio.ar","PASPALUM QUADRIFARIUM",3,20,20,0,0,-20,-20
"5688",5688,"sclaudio.ar","SALPICHROA ORIGANIFOLIA",3,0,0,4,1,4,1
"5692",5692,"sclaudio.ar","SORGHUM HALEPENSE",3,40,10,46,11.5,6,1.5
"5699",5699,"scruzh.us","AIRA CARYOPHYLLEA",3,0,0,10,5,10,5
"5708",5708,"scruzh.us","AVENA BARBATA",3,0,0,6,3,6,3
"5713",5713,"scruzh.us","BRACHYPODIUM DISTACHYON",3,10,3.33333333333333,43,14.3333333333333,33,11
"5718",5718,"scruzh.us","BRIZA MAXIMA",3,175,35,120,40,-55,5
"5720",5720,"scruzh.us","BRIZA MINOR",3,8,2,8,4,0,2
"5726",5726,"scruzh.us","BROMUS HORDEACEUS",3,11,3.66666666666667,35,17.5,24,13.8333333333333
"5732",5732,"scruzh.us","CAREX GYNODYNAMA",3,5,5,0,0,-5,-5
"5736",5736,"scruzh.us","CHLOROGALUM POMERIDIANUM",3,0,0,5,5,5,5
"5740",5740,"scruzh.us","CIRSIUM VULGARE",3,5,5,0,0,-5,-5
"5746",5746,"scruzh.us","DANTHONIA CALIFORNICA",3,26,5.2,70,17.5,44,12.3
"5750",5750,"scruzh.us","ERODIUM BOTRYS",3,0,0,1,1,1,1
"5753",5753,"scruzh.us","ERYNGIUM ARMATUM",3,8,8,0,0,-8,-8
"5755",5755,"scruzh.us","GERANIUM DISSECTUM",3,3,3,2,2,-1,-1
"5761",5761,"scruzh.us","HOLCUS LANATUS",3,43,14.3333333333333,15,7.5,-28,-6.83333333333333
"5763",5763,"scruzh.us","HOSACKIA GRACILIS",3,3,3,0,0,-3,-3
"5765",5765,"scruzh.us","HYPOCHAERIS RADICATA",3,5,5,25,6.25,20,1.25
"5767",5767,"scruzh.us","JUNCUS BUFONIUS",3,4,2,0,0,-4,-2
"5768",5768,"scruzh.us","JUNCUS OCCIDENTALIS",3,10,2.5,4,2,-6,-0.5
"5771",5771,"scruzh.us","JUNCUS PHAEOCEPHALUS",3,10,5,4,2,-6,-3
"5776",5776,"scruzh.us","LINUM BIENNE",3,11,2.75,10,2.5,-1,-0.25
"5778",5778,"scruzh.us","LYSIMACHIA ARVENSIS",3,32,6.4,23,7.66666666666667,-9,1.26666666666667
"5785",5785,"scruzh.us","PANICUM ACUMINATUM",3,10,10,11,5.5,1,-4.5
"5792",5792,"scruzh.us","PLANTAGO LANCEOLATA",3,35,8.75,20,10,-15,1.25
"5795",5795,"scruzh.us","PSEUDOGNAPHALIUM CALIFORNICUM",3,3,3,0,0,-3,-3
"5799",5799,"scruzh.us","RUBUS URSINUS",3,10,10,0,0,-10,-10
"5803",5803,"scruzh.us","SCORZONEROIDES AUTUMNALIS",3,210,52.5,120,30,-90,-22.5
"5808",5808,"scruzh.us","SISYRINCHIUM BELLUM",3,8,4,6,3,-2,-1
"5811",5811,"scruzh.us","SONCHUS ASPER",3,10,10,5,5,-5,-5
"5816",5816,"scruzh.us","STIPA PULCHRA",3,0,0,6,3,6,3
"5818",5818,"scruzh.us","TRIFOLIUM DUBIUM",3,12,4,14,3.5,2,-0.5
"5821",5821,"scruzh.us","TRITELEIA HYACINTHINA",3,0,0,4,4,4,4
"5822",5822,"scruzh.us","TRITELEIA IXIOIDES",3,2,2,6,2,4,0
"5825",5825,"scruzh.us","VULPIA BROMOIDES",3,11,2.75,33,16.5,22,13.75
"5830",5830,"scruzl.us","ACHILLEA MILLEFOLIUM",3,0,0,10,5,10,5
"5834",5834,"scruzl.us","AVENA BARBATA",3,43,10.75,23,4.6,-20,-6.15
"5840",5840,"scruzl.us","BROMUS DIANDRUS",3,3,3,13,4.33333333333333,10,1.33333333333333
"5845",5845,"scruzl.us","BROMUS HORDEACEUS",3,15,5,18,9,3,4
"5847",5847,"scruzl.us","CARDAMINE OLIGOSPERMA",3,0,0,10,10,10,10
"5851",5851,"scruzl.us","CARDUUS PYCNOCEPHALUS",3,155,31,200,40,45,9
"5856",5856,"scruzl.us","CIRSIUM VULGARE",3,39,7.8,68,17,29,9.2
"5858",5858,"scruzl.us","ERIGERON CANADENSIS",3,6,3,53,17.6666666666667,47,14.6666666666667
"5864",5864,"scruzl.us","GERANIUM DISSECTUM",3,90,18,100,25,10,7
"5868",5868,"scruzl.us","HELMINTHOTHECA ECHIOIDES",3,7,7,13,6.5,6,-0.5
"5870",5870,"scruzl.us","HYPOCHAERIS RADICATA",3,0,0,1,1,1,1
"5871",5871,"scruzl.us","JUNCUS BUFONIUS",3,0,0,5,5,5,5
"5873",5873,"scruzl.us","LACTUCA SERRIOLA",3,7,7,0,0,-7,-7
"5876",5876,"scruzl.us","LEYMUS TRITICOIDES",3,15,15,0,0,-15,-15
"5882",5882,"scruzl.us","MEDICAGO POLYMORPHA",3,44,11,13,6.5,-31,-4.5
"5887",5887,"scruzl.us","RAPHANUS SATIVUS",3,60,12,53,10.6,-7,-1.4
"5890",5890,"scruzl.us","RUMEX CRISPUS",3,3,3,3,3,0,0
"5894",5894,"scruzl.us","SONCHUS ASPER",3,38,7.6,29,5.8,-9,-1.8
"5899",5899,"scruzl.us","VICIA SATIVA",3,0,0,15,15,15,15
"5901",5901,"scruzl.us","VULPIA BROMOIDES",3,230,46,88,17.6,-142,-28.4
"5905",5905,"scruzl.us","VULPIA MYUROS",3,0,0,60,60,60,60
"5911",5911,"scruzm.us","AVENA BARBATA",3,40,20,17,8.5,-23,-11.5
"5913",5913,"scruzm.us","BACCHARIS PILULARIS",3,1,1,3,1.5,2,0.5
"5921",5921,"scruzm.us","BRIZA MAXIMA",3,18,6,25,25,7,19
"5923",5923,"scruzm.us","BROMUS CARINATUS",3,2,1,1,1,-1,0
"5927",5927,"scruzm.us","BROMUS DIANDRUS",3,3,1.5,3,1,0,-0.5
"5932",5932,"scruzm.us","CARDUUS PYCNOCEPHALUS",3,52,13,36,12,-16,-1
"5934",5934,"scruzm.us","CIRSIUM VULGARE",3,0,0,2,2,2,2
"5942",5942,"scruzm.us","ERODIUM BOTRYS",3,0,0,1,1,1,1
"5947",5947,"scruzm.us","ESCHSCHOLZIA CALIFORNICA",3,3,1,3,1,0,0
"5951",5951,"scruzm.us","GERANIUM DISSECTUM",3,6,2,3,3,-3,1
"5953",5953,"scruzm.us","HYPOCHAERIS RADICATA",3,0,0,5,1.66666666666667,5,1.66666666666667
"5955",5955,"scruzm.us","LOLIUM PERENNE",3,17,5.66666666666667,0,0,-17,-5.66666666666667
"5957",5957,"scruzm.us","LYSIMACHIA ARVENSIS",3,4,1,12,3,8,2
"5963",5963,"scruzm.us","RAPHANUS SATIVUS",3,53,13.25,29,5.8,-24,-7.45
"5967",5967,"scruzm.us","RUMEX ACETOSELLA",3,4,2,1,1,-3,-1
"5971",5971,"scruzm.us","SONCHUS ASPER",3,28,14,68,22.6666666666667,40,8.66666666666667
"5976",5976,"scruzm.us","VICIA VILLOSA",3,2,1,0,0,-2,-1
"5978",5978,"scruzm.us","VULPIA MYUROS",3,2,1,10,10,8,9
"6004",6004,"slp.us","AGALINIS HETEROPHYLLA",3,0,0,0.2,0.2,0.2,0.2
"6008",6008,"slp.us","AMBROSIA PSILOSTACHYA",3,1.6,0.8,2,2,0.4,1.2
"6015",6015,"slp.us","ARISTIDA LONGESPICA",3,0,0,1.2,1.2,1.2,1.2
"6022",6022,"slp.us","CONVOLVULUS EQUITANS",3,0.1,0.1,0,0,-0.1,-0.1
"6029",6029,"slp.us","DIODIA TERES",3,0,0,3.7,1.85,3.7,1.85
"6033",6033,"slp.us","GAILLARDIA AESTIVALIS",3,0.7,0.7,0.4,0.4,-0.3,-0.3
"6044",6044,"slp.us","JUNCUS MARGINATUS",3,0.7,0.35,1.2,0.6,0.5,0.25
"6048",6048,"slp.us","LECHEA MUCRONATA",3,10.4,5.2,0,0,-10.4,-5.2
"6055",6055,"slp.us","NEPTUNIA LUTEA",3,0,0,1.5,1.5,1.5,1.5
"6069",6069,"slp.us","RUBUS TRIVIALIS",3,73.8,24.6,37.4,18.7,-36.4,-5.9
"6073",6073,"slp.us","RUDBECKIA HIRTA",3,12.6,6.3,0,0,-12.6,-6.3
"6080",6080,"slp.us","STEINCHISMA HIANS",3,0,0,1.3,0.65,1.3,0.65
"6085",6085,"spvdrt.ar","CARDIONEMA RAMOSISSIMUM",3,2,1,2,2,0,1
"6091",6091,"spvdrt.ar","ERODIUM CICUTARIUM",3,0,0,2,2,2,2
"6097",6097,"spvdrt.ar","FACELIS RETUSA",3,14,4.66666666666667,22,7.33333333333333,8,2.66666666666667
"6103",6103,"spvdrt.ar","GALIUM RICHARDIANUM",3,3,1.5,1,1,-2,-0.5
"6114",6114,"spvdrt.ar","HORDEUM MURINUM",3,0,0,2,2,2,2
"6120",6120,"spvdrt.ar","HYPOCHAERIS RADICATA",3,2,1,1,1,-1,0
"6126",6126,"spvdrt.ar","NASSELLA TENUIS",3,55,18.3333333333333,57,19,2,0.666666666666668
"6132",6132,"spvdrt.ar","NOTICASTRUM SERICEUM",3,4,1.33333333333333,7,2.33333333333333,3,1
"6137",6137,"spvdrt.ar","PANICUM URVILLEANUM",3,4,2,6,3,2,1
"6143",6143,"spvdrt.ar","PAPPOSTIPA SPECIOSA",3,3,3,0,0,-3,-3
"6151",6151,"spvdrt.ar","PLANTAGO PATAGONICA",3,35,11.6666666666667,2,1,-33,-10.6666666666667
"6156",6156,"spvdrt.ar","POA LANUGINOSA",3,1,1,0,0,-1,-1
"6161",6161,"spvdrt.ar","SCHISMUS BARBATUS",3,8,4,2,1,-6,-3
"6167",6167,"spvdrt.ar","SPOROBOLUS RIGENS",3,15,5,11,5.5,-4,0.5
"6175",6175,"spvdrt.ar","VULPIA BROMOIDES",3,3,1.5,6,2,3,0.5
"6301",6301,"validate.fr","ALOPECURUS PRATENSIS",3,18,4.5,39,9.75,21,5.25
"6307",6307,"validate.fr","ARRHENATHERUM ELATIUS",3,65,16.25,59,11.8,-6,-4.45
"6313",6313,"validate.fr","DACTYLIS GLOMERATA",3,23,4.6,12,3,-11,-1.6
"6319",6319,"validate.fr","LOLIUM PERENNE",3,29,5.8,2,2,-27,-3.8
"6325",6325,"validate.fr","POA PRATENSIS",3,56,11.2,29,5.8,-27,-5.4
"6331",6331,"validate.fr","TARAXACUM CAMPYLODES",3,36,7.2,1,1,-35,-6.2
"6337",6337,"validate.fr","TRISETUM FLAVESCENS",3,41,10.25,7,3.5,-34,-6.75
"6341",6341,"yarradrt.au","AXONOPUS FISSIFOLIUS",3,3,3,0,0,-3,-3
"6344",6344,"yarradrt.au","COMMELINA CYANEA",3,15,15,12,12,-3,-3
"6350",6350,"yarradrt.au","CYNODON DACTYLON",3,192,48,98,24.5,-94,-23.5
"6356",6356,"yarradrt.au","EHRHARTA STIPOIDES",3,6,3,67,16.75,61,13.75
"6361",6361,"yarradrt.au","ERAGROSTIS CURVULA",3,30,30,1,1,-29,-29
"6368",6368,"yarradrt.au","LOBELIA PURPURASCENS",3,7,7,0,0,-7,-7
"6375",6375,"yarradrt.au","SENECIO MADAGASCARIENSIS",3,1,1,2,2,1,1
"6379",6379,"yarradrt.au","SETARIA PARVIFLORA",3,36,9,10,2.5,-26,-6.5
