"","X","site_code","Taxon","n_treat_years","sum.ctrl.cover","mean.ctrl.cover","sum.drt.cover","mean.drt.cover","sum.cover.response","mean.cover.response"
"306",306,"antelope.us","CHONDROSUM ERIOPODUM",4,21.6,2.7,2.15,0.358333333333333,-19.45,-2.34166666666667
"313",313,"antelope.us","HILARIA JAMESII",4,5.6,0.933333333333333,0.8,0.4,-4.8,-0.533333333333333
"323",323,"antelope.us","POMARIA JAMESII",4,1.5,1.5,0,0,-1.5,-1.5
"327",327,"antelope.us","SALSOLA KALI",4,26.65,3.33125,51.25,7.32142857142857,24.6,3.99017857142857
"332",332,"antelope.us","SPHAERALCEA HASTULATA",4,0,0,13.85,13.85,13.85,13.85
"433",433,"baddrt.de","ACHILLEA MILLEFOLIUM",4,7,3.5,1,1,-6,-2.5
"439",439,"baddrt.de","BROMUS ARVENSIS",4,1,1,10,10,9,9
"443",443,"baddrt.de","BROMUS HORDEACEUS",4,69,7.66666666666667,26,8.66666666666667,-43,0.999999999999999
"447",447,"baddrt.de","BROMUS STERILIS",4,87.5,9.72222222222222,32,16,-55.5,6.27777777777778
"448",448,"baddrt.de","CAPSELLA BURSA-PASTORIS",4,6,1.2,22.7,2.8375,16.7,1.6375
"451",451,"baddrt.de","CHENOPODIUM ALBUM",4,0.2,0.1,0.1,0.1,-0.1,0
"456",456,"baddrt.de","CIRSIUM ARVENSE",4,10,1.42857142857143,1,0.5,-9,-0.928571428571429
"461",461,"baddrt.de","CREPIS BIENNIS",4,20,4,0.5,0.5,-19.5,-3.5
"466",466,"baddrt.de","DACTYLIS GLOMERATA",4,1,1,0,0,-1,-1
"467",467,"baddrt.de","DESCURAINIA SOPHIA",4,9.6,1.92,62.6,7.825,53,5.905
"477",477,"baddrt.de","FESTUCA RUBRA",4,4,2,0,0,-4,-2
"486",486,"baddrt.de","HYPERICUM PERFORATUM",4,2,1,0,0,-2,-1
"494",494,"baddrt.de","LEUCANTHEMUM VULGARE",4,3.1,1.03333333333333,0,0,-3.1,-1.03333333333333
"498",498,"baddrt.de","LOLIUM PERENNE",4,7.5,1.5,4.5,1.125,-3,-0.375
"501",501,"baddrt.de","MEDICAGO LUPULINA",4,2.2,0.44,0,0,-2.2,-0.44
"502",502,"baddrt.de","PAPAVER RHOEAS",4,0.1,0.1,0,0,-0.1,-0.1
"506",506,"baddrt.de","PICRIS HIERACIOIDES",4,347,18.2631578947368,9.1,1.82,-337.9,-16.4431578947368
"511",511,"baddrt.de","POA ANGUSTIFOLIA",4,0,0,2,2,2,2
"516",516,"baddrt.de","POA TRIVIALIS",4,0.6,0.3,0,0,-0.6,-0.3
"522",522,"baddrt.de","RUMEX CRISPUS",4,0,0,4.5,2.25,4.5,2.25
"524",524,"baddrt.de","SENECIO LEUCANTHEMIFOLIUS",4,0.1,0.1,0,0,-0.1,-0.1
"533",533,"baddrt.de","TARAXACUM TARAXACUM",4,167,8.78947368421053,18.5,2.64285714285714,-148.5,-6.14661654135338
"535",535,"baddrt.de","TRAGOPOGON DUBIUS",4,5.6,0.622222222222222,3,0.6,-2.6,-0.0222222222222223
"539",539,"baddrt.de","TRIFOLIUM DUBIUM",4,1.5,0.75,0,0,-1.5,-0.75
"542",542,"baddrt.de","TRIFOLIUM REPENS",4,1,1,0,0,-1,-1
"546",546,"baddrt.de","TRIPLEUROSPERMUM INODORUM",4,0.6,0.3,0,0,-0.6,-0.3
"548",548,"baddrt.de","VERONICA PERSICA",4,0.1,0.1,2.7,0.675,2.6,0.575
"551",551,"baddrt.de","VICIA HIRSUTA",4,56.6,3.5375,3.1,0.516666666666667,-53.5,-3.02083333333333
"555",555,"baddrt.de","VICIA SATIVA",4,10.2,1.13333333333333,1.6,0.533333333333333,-8.6,-0.6
"559",559,"baddrt.de","VULPIA MYUROS",4,811,40.55,213,21.3,-598,-19.25
"563",563,"bayrdrt.de","ACHILLEA MILLEFOLIUM",4,1,1,15,15,14,14
"567",567,"bayrdrt.de","AGROSTIS CAPILLARIS",4,1,1,2,2,1,1
"571",571,"bayrdrt.de","ALOPECURUS PRATENSIS",4,13,4.33333333333333,82,16.4,69,12.0666666666667
"575",575,"bayrdrt.de","ANTHOXANTHUM ODORATUM",4,78,15.6,54,10.8,-24,-4.8
"580",580,"bayrdrt.de","ARRHENATHERUM ELATIUS",4,19,6.33333333333333,23,4.6,4,-1.73333333333333
"584",584,"bayrdrt.de","BELLIS PERENNIS",4,0,0,4,2,4,2
"590",590,"bayrdrt.de","CENTAUREA JACEA",4,52,17.3333333333333,40,10,-12,-7.33333333333333
"595",595,"bayrdrt.de","CERASTIUM FONTANUM",4,4,1,3,1,-1,0
"599",599,"bayrdrt.de","CREPIS BIENNIS",4,1,1,4,2,3,1
"604",604,"bayrdrt.de","CYNOSURUS CRISTATUS",4,3,3,3,3,0,0
"608",608,"bayrdrt.de","DACTYLIS GLOMERATA",4,11,3.66666666666667,10,5,-1,1.33333333333333
"613",613,"bayrdrt.de","FESTUCA PRATENSIS",4,0,0,2,2,2,2
"617",617,"bayrdrt.de","FESTUCA RUBRA",4,124,24.8,27,5.4,-97,-19.4
"621",621,"bayrdrt.de","GALIUM ALBUM",4,52,10.4,51,12.75,-1,2.35
"624",624,"bayrdrt.de","HERACLEUM SPHONDYLIUM",4,0,0,2,2,2,2
"629",629,"bayrdrt.de","HOLCUS LANATUS",4,18,3.6,7,3.5,-11,-0.1
"633",633,"bayrdrt.de","HYPOCHAERIS RADICATA",4,3,1.5,1,1,-2,-0.5
"637",637,"bayrdrt.de","KNAUTIA ARVENSIS",4,55,18.3333333333333,25,25,-30,6.66666666666667
"642",642,"bayrdrt.de","LEUCANTHEMUM IRCUTIANUM",4,4,2,6,2,2,0
"647",647,"bayrdrt.de","LOLIUM PERENNE",4,0,0,1,1,1,1
"652",652,"bayrdrt.de","LOTUS CORNICULATUS",4,30,15,0,0,-30,-15
"657",657,"bayrdrt.de","LUZULA CAMPESTRIS",4,2,1,0,0,-2,-1
"663",663,"bayrdrt.de","PILOSELLA AURANTIACA",4,1,1,16,8,15,7
"668",668,"bayrdrt.de","PILOSELLA PILOSELLOIDES",4,4,4,40,20,36,16
"672",672,"bayrdrt.de","PLANTAGO LANCEOLATA",4,66,16.5,30,6,-36,-10.5
"677",677,"bayrdrt.de","POA PRATENSIS",4,3,1,2,1,-1,0
"689",689,"bayrdrt.de","RANUNCULUS ACRIS",4,10,2.5,14,3.5,4,1
"694",694,"bayrdrt.de","RHINANTHUS MINOR",4,1,1,0,0,-1,-1
"697",697,"bayrdrt.de","RUMEX ACETOSA",4,12,3,12,2.4,0,-0.6
"705",705,"bayrdrt.de","TARAXACUM TARAXACUM",4,7,2.33333333333333,7,3.5,0,1.16666666666667
"709",709,"bayrdrt.de","TRIFOLIUM DUBIUM",4,2,1,1,1,-1,0
"714",714,"bayrdrt.de","TRIFOLIUM PRATENSE",4,35,7,8,4,-27,-3
"719",719,"bayrdrt.de","TRIFOLIUM REPENS",4,1,1,3,3,2,2
"721",721,"bayrdrt.de","TRISETUM FLAVESCENS",4,1,1,8,4,7,3
"726",726,"bayrdrt.de","VERONICA ARVENSIS",4,0,0,2,1,2,1
"729",729,"bayrdrt.de","VERONICA CHAMAEDRYS",4,6,6,0,0,-6,-6
"737",737,"bayrdrt.de","VICIA CRACCA",4,1,1,2,2,1,1
"741",741,"bayrdrt.de","VICIA HIRSUTA",4,4,1.33333333333333,0,0,-4,-1.33333333333333
"745",745,"bayrdrt.de","VICIA SATIVA",4,1,1,0,0,-1,-1
"748",748,"bayrdrt.de","VICIA SEPIUM",4,1,1,11,3.66666666666667,10,2.66666666666667
"752",752,"bayrdrt.de","VICIA TETRASPERMA",4,1,1,2,1,1,0
"844",844,"biddulph.ca","AGOSERIS GLAUCA",4,0.5,0.5,0.5,0.5,0,0
"846",846,"biddulph.ca","ARTEMISIA CAMPESTRIS",4,0,0,0.5,0.5,0.5,0.5
"851",851,"biddulph.ca","ARTEMISIA FRIGIDA",4,15.5,7.75,25,25,9.5,17.25
"856",856,"biddulph.ca","ARTEMISIA LUDOVICIANA",4,0,0,2.5,1.25,2.5,1.25
"857",857,"biddulph.ca","CALAMOVILFA LONGIFOLIA",4,0,0,0.5,0.5,0.5,0.5
"862",862,"biddulph.ca","CAMPANULA ROTUNDIFOLIA",4,0,0,2,2,2,2
"867",867,"biddulph.ca","CERASTIUM ARVENSE",4,0,0,0.5,0.5,0.5,0.5
"868",868,"biddulph.ca","CHENOPODIUM ALBUM",4,0,0,0.5,0.5,0.5,0.5
"875",875,"biddulph.ca","ELYMUS SMITHII",4,0,0,1.5,0.75,1.5,0.75
"881",881,"biddulph.ca","HELICTOTRICHON HOOKERI",4,2,2,0,0,-2,-2
"890",890,"biddulph.ca","LIATRIS PUNCTATA",4,0.5,0.5,0,0,-0.5,-0.5
"895",895,"biddulph.ca","LYGODESMIA JUNCEA",4,2,1,0,0,-2,-1
"900",900,"biddulph.ca","PSORALEA LANCEOLATA",4,9,3,11,3.66666666666667,2,0.666666666666667
"905",905,"biddulph.ca","ROSA ARKANSANA",4,4,4,3,3,-1,-1
"910",910,"biddulph.ca","SELAGINELLA DENSA",4,6,6,3,1.5,-3,-4.5
"915",915,"biddulph.ca","SOLIDAGO MISSOURIENSIS",4,6,6,0,0,-6,-6
"920",920,"biddulph.ca","STIPA COMATA",4,18,9,19,6.33333333333333,1,-2.66666666666667
"921",921,"biddulph.ca","TARAXACUM TARAXACUM",4,0,0,0.5,0.5,0.5,0.5
"924",924,"bivensarm.us","ACALYPHA ARVENSIS",4,1.333333333,1.333333333,1.583333333,0.7916666665,0.25,-0.5416666665
"937",937,"bivensarm.us","AMBROSIA ARTEMISIIFOLIA",4,4.583333332,1.145833333,33.416666663,11.1388888876667,28.833333331,9.99305555466667
"942",942,"bivensarm.us","AMPELOPSIS ARBOREA",4,2.833333333,1.4166666665,35.91666667,11.9722222233333,33.083333337,10.5555555568333
"948",948,"bivensarm.us","ANAGALLIS ARVENSIS",4,0.416666666,0.1041666665,0,0,-0.416666666,-0.1041666665
"954",954,"bivensarm.us","ANDROPOGON BRACHYSTACHYUS",4,0.083333333,0.083333333,0,0,-0.083333333,-0.083333333
"957",957,"bivensarm.us","ANDROPOGON VIRGINICUS",4,0.25,0.25,0,0,-0.25,-0.25
"960",960,"bivensarm.us","ARISTIDA STRICTA",4,6.5,1.625,0.833333333,0.4166666665,-5.666666667,-1.2083333335
"968",968,"bivensarm.us","BIDENS PILOSA",4,193.916666666,14.9166666666154,278.833333326,19.9166666661429,84.91666666,4.99999999952747
"975",975,"bivensarm.us","BOTHRIOCHLOA PERTUSA",4,150.750000014,13.7045454558182,186.916666676,13.3511904768571,36.166666662,-0.35335497896104
"989",989,"bivensarm.us","CONYZA CANADENSIS",4,1.333333334,0.444444444666667,0.999999999,0.333333333,-0.333333335,-0.111111111666667
"998",998,"bivensarm.us","CROTALARIA LANCEOLATA",4,2.833333333,1.4166666665,0.833333333,0.833333333,-2,-0.5833333335
"1005",1005,"bivensarm.us","CYCLOSPERMUM LEPTOPHYLLUM",4,0.666666666,0.111111111,0.166666666,0.083333333,-0.5,-0.027777778
"1009",1009,"bivensarm.us","CYNODON DACTYLON",4,1.083333333,0.361111111,4.416666666,2.208333333,3.333333333,1.847222222
"1012",1012,"bivensarm.us","DACTYLOCTENIUM AEGYPTIUM",4,0,0,0.333333333,0.333333333,0.333333333,0.333333333
"1016",1016,"bivensarm.us","DESMODIUM HETEROCARPON",4,20.916666667,5.22916666675,13.833333334,3.4583333335,-7.083333333,-1.77083333325
"1020",1020,"bivensarm.us","DESMODIUM PANICULATUM",4,5.5,5.5,0,0,-5.5,-5.5
"1026",1026,"bivensarm.us","DICHANTHELIUM LAXIFLORUM",4,0.583333333,0.2916666665,0,0,-0.583333333,-0.2916666665
"1029",1029,"bivensarm.us","DICHONDRA CAROLINENSIS",4,13.000000001,1.44444444455556,0.999999999,0.1666666665,-12.000000002,-1.27777777805556
"1043",1043,"bivensarm.us","ERAGROSTIS SPECTABILIS",4,4.333333333,1.44444444433333,2.333333332,0.4666666664,-2.000000001,-0.977777777933333
"1049",1049,"bivensarm.us","EUPATORIUM CAPILLIFOLIUM",4,20.166666672,2.88095238171429,2.5,2.5,-17.666666672,-0.380952381714286
"1052",1052,"bivensarm.us","EUPHORBIA HETEROPHYLLA",4,0.25,0.125,0.166666666,0.083333333,-0.083333334,-0.041666667
"1063",1063,"bivensarm.us","HYPTIS MUTABILIS",4,1.416666667,1.416666667,0,0,-1.416666667,-1.416666667
"1070",1070,"bivensarm.us","IMPERATA CYLINDRICA",4,535.00000001,53.500000001,488.33333333,48.833333333,-46.66666668,-4.666666668
"1077",1077,"bivensarm.us","INDIGOFERA HIRSUTA",4,0.166666666,0.083333333,0.166666666,0.083333333,0,0
"1083",1083,"bivensarm.us","LEPIDIUM VIRGINICUM",4,0,0,0.083333333,0.083333333,0.083333333,0.083333333
"1087",1087,"bivensarm.us","LESPEDEZA JUNCEA var. SERICEA",4,0.083333333,0.083333333,0,0,-0.083333333,-0.083333333
"1091",1091,"bivensarm.us","LIQUIDAMBAR STYRACIFLUA",4,2.583333333,1.2916666665,9.166666667,9.166666667,6.583333334,7.8750000005
"1102",1102,"bivensarm.us","MUHLENBERGIA CAPILLARIS",4,7.999999999,1.5999999998,0.999999999,0.1999999998,-7,-1.4
"1108",1108,"bivensarm.us","OENOTHERA BIENNIS",4,0.749999999,0.1499999998,3.416666667,0.85416666675,2.666666668,0.70416666695
"1119",1119,"bivensarm.us","OXALIS STRICTA",4,2.249999999,0.249999999888889,0.249999999,0.083333333,-2,-0.166666666888889
"1126",1126,"bivensarm.us","PANICUM ANCEPS",4,10,5,3.499999999,0.6999999998,-6.500000001,-4.3000000002
"1132",1132,"bivensarm.us","PANICUM MAXIMUM",4,16.916666667,8.4583333335,21.583333333,5.39583333325,4.666666666,-3.06250000025
"1138",1138,"bivensarm.us","PARTHENOCISSUS QUINQUEFOLIA",4,11.749999999,1.468749999875,1,0.5,-10.749999999,-0.968749999875
"1146",1146,"bivensarm.us","PASPALUM NOTATUM",4,9.499999999,1.187499999875,52.16666667,7.45238095285714,42.666666671,6.26488095298214
"1154",1154,"bivensarm.us","PASPALUM URVILLEI",4,0,0,0.083333333,0.083333333,0.083333333,0.083333333
"1158",1158,"bivensarm.us","PHYLLANTHUS URINARIA",4,0.25,0.125,0,0,-0.25,-0.125
"1169",1169,"bivensarm.us","PINUS PALUSTRIS",4,303.000000007,18.9375000004375,192.999999993,13.7857142852143,-110.000000014,-5.15178571522321
"1176",1176,"bivensarm.us","PINUS TAEDA",4,5.249999999,1.31249999975,1.916666666,0.638888888666667,-3.333333333,-0.673611111083333
"1183",1183,"bivensarm.us","PITYOPSIS GRAMINIFOLIA",4,35.833333332,4.4791666665,6.249999999,1.2499999998,-29.583333333,-3.2291666667
"1190",1190,"bivensarm.us","PRUNUS CAROLINIANA",4,5.666666667,5.666666667,0,0,-5.666666667,-5.666666667
"1196",1196,"bivensarm.us","RICHARDIA SCABRA",4,7.250000001,0.805555555666667,28.833333333,2.8833333333,21.583333332,2.07777777763333
"1202",1202,"bivensarm.us","RUMEX HASTATULUS",4,0.083333333,0.083333333,0,0,-0.083333333,-0.083333333
"1213",1213,"bivensarm.us","SOLIDAGO FISTULOSA",4,120.916666666,7.112745098,29.833333331,2.71212121190909,-91.083333335,-4.40062388609091
"1228",1228,"bivensarm.us","SYMPHYOTRICHUM DUMOSUM",4,0.583333333,0.2916666665,0,0,-0.583333333,-0.2916666665
"1232",1232,"bivensarm.us","TRADESCANTIA OHIENSIS",4,0.166666667,0.166666667,0.5,0.5,0.333333333,0.333333333
"1246",1246,"bivensarm.us","VICIA MINUTIFLORA",4,0.166666667,0.166666667,0,0,-0.166666667,-0.166666667
"1253",1253,"bivensarm.us","VITIS ROTUNDIFOLIA",4,0,0,0.416666666,0.208333333,0.416666666,0.208333333
"1259",1259,"brokenh.au","CHRYSOCEPHALUM APICULATUM",4,11,3.66666666666667,6,3,-5,-0.666666666666667
"1260",1260,"brokenh.au","ENNEAPOGON AVENACEUS",4,0.5,0.5,0,0,-0.5,-0.5
"1264",1264,"brokenh.au","MAIREANA PYRAMIDATA",4,14,7,0,0,-14,-7
"1266",1266,"brokenh.au","SCLEROLAENA DIACANTHA",4,3.5,1.75,4,2,0.5,0.25
"1727",1727,"cerrillos.ar","ALLIONIA INCARNATA",4,6.24,2.08,4.99,2.495,-1.25,0.415
"1731",1731,"cerrillos.ar","ARISTIDA MENDOCINA",4,51.87,17.29,69.36,23.12,17.49,5.83
"1736",1736,"cerrillos.ar","BOERHAVIA DIFFUSA",4,0,0,1.24,0.62,1.24,0.62
"1740",1740,"cerrillos.ar","BOUTELOUA ARISTIDOIDES",4,10.62,3.54,0.62,0.62,-10,-2.92
"1743",1743,"cerrillos.ar","BRACHIARIA PAUCISPICATA",4,0.62,0.62,0,0,-0.62,-0.62
"1747",1747,"cerrillos.ar","CENCHRUS CILIARIS",4,1.25,1.25,0,0,-1.25,-1.25
"1749",1749,"cerrillos.ar","COMMELINA ERECTA",4,0.62,0.62,1.25,1.25,0.63,0.63
"1753",1753,"cerrillos.ar","CORDOBIA ARGENTEA",4,88.11,29.37,51.87,17.29,-36.24,-12.08
"1757",1757,"cerrillos.ar","COTTEA PAPPOPHOROIDES",4,3.12,1.56,0,0,-3.12,-1.56
"1761",1761,"cerrillos.ar","ERAGROSTIS ORTHOCLADA",4,0.62,0.62,0,0,-0.62,-0.62
"1764",1764,"cerrillos.ar","EUPHORBIA EICHLERI",4,0.67,0.67,3.75,1.875,3.08,1.205
"1767",1767,"cerrillos.ar","EUPLOCA MENDOCINA",4,0,0,1.25,1.25,1.25,1.25
"1771",1771,"cerrillos.ar","GAYA PARVIFLORA",4,0,0,3.74,1.24666666666667,3.74,1.24666666666667
"1775",1775,"cerrillos.ar","GOUINIA PARAGUAYENSIS",4,0,0,8.12,8.12,8.12,8.12
"1779",1779,"cerrillos.ar","LARREA DIVARICATA",4,104.37,34.79,33.74,11.2466666666667,-70.63,-23.5433333333333
"1783",1783,"cerrillos.ar","LEPTOCHLOA DUBIA",4,5.62,5.62,0,0,-5.62,-5.62
"1784",1784,"cerrillos.ar","MOLLUGO VERTICILLATA",4,0,0,3.75,3.75,3.75,3.75
"1788",1788,"cerrillos.ar","PAPPOPHORUM KRAPOVICKASII",4,0.62,0.62,43.74,14.58,43.12,13.96
"1789",1789,"cerrillos.ar","PARTHENIUM HYSTEROPHORUS",4,0,0,2.49,1.245,2.49,1.245
"1792",1792,"cerrillos.ar","PASSIFLORA PALMATISECTA",4,0,0,1.87,1.87,1.87,1.87
"1796",1796,"cerrillos.ar","PROSOPIS PUGIONATA",4,16.87,16.87,0,0,-16.87,-16.87
"1800",1800,"cerrillos.ar","PROSOPIS TORQUATA",4,9.37,9.37,0.62,0.62,-8.75,-8.75
"1802",1802,"cerrillos.ar","PSEUDABUTILON VIRGATUM",4,0.62,0.62,0,0,-0.62,-0.62
"1806",1806,"cerrillos.ar","RHYNCHOSIDA PHYSOCALYX",4,1.25,1.25,0.62,0.62,-0.63,-0.63
"1810",1810,"cerrillos.ar","SETARIA PAMPEANA",4,23.75,7.91666666666667,1.24,0.62,-22.51,-7.29666666666667
"1814",1814,"cerrillos.ar","SIDA ARGENTINA",4,3.12,1.56,13.75,6.875,10.63,5.315
"1819",1819,"cerrillos.ar","XEROALOYSIA OVATIFOLIA",4,11.25,11.25,1.24,0.62,-10.01,-10.63
"1823",1823,"chacra.ar","BACCHARIS GILLIESII",4,15,15,55,27.5,40,12.5
"1825",1825,"chacra.ar","BACCHARIS TENELLA",4,1.5,1.5,0,0,-1.5,-1.5
"1829",1829,"chacra.ar","EPHEDRA TRIANDRA",4,1.5,1.5,1.5,1.5,0,0
"1832",1832,"chacra.ar","HOFFMANNSEGGIA TRIFOLIATA",4,0,0,1.5,1.5,1.5,1.5
"1838",1838,"chacra.ar","NASSELLA LONGIGLUMIS",4,95,31.6666666666667,3,1.5,-92,-30.1666666666667
"1842",1842,"chacra.ar","NASSELLA TENUIS",4,1.5,1.5,13.5,4.5,12,3
"1845",1845,"chacra.ar","OXALIS LASIOPETALA",4,3,1.5,0,0,-3,-1.5
"1849",1849,"chacra.ar","PAPPOPHORUM MUCRONULATUM",4,25,25,30,10,5,-15
"1854",1854,"chacra.ar","POA LIGULARIS",4,52,17.3333333333333,115,38.3333333333333,63,21
"1860",1860,"chacra.ar","TRICHOCLINE SINUATA",4,1.5,1.5,0,0,-1.5,-1.5
"1862",1862,"chang.cn","ARTEMISIA MONGOLICA",4,12,4,0,0,-12,-4
"1865",1865,"chang.cn","ARTEMISIA SCOPARIA",4,98,14,8,4,-90,-10
"1866",1866,"chang.cn","BASSIA SCOPARIA",4,6,6,76,25.3333333333333,70,19.3333333333333
"1869",1869,"chang.cn","CHENOPODIUM GLAUCUM",4,16,8,0,0,-16,-8
"1872",1872,"chang.cn","CHLORIS VIRGATA",4,26,26,226,75.3333333333333,200,49.3333333333333
"1874",1874,"chang.cn","KALIMERIS INTEGRIFOLIA",4,30,15,0,0,-30,-15
"1877",1877,"chang.cn","LEYMUS CHINENSIS",4,498,71.1428571428571,76,25.3333333333333,-422,-45.8095238095238
"1883",1883,"chang.cn","PHRAGMITES AUSTRALIS",4,92,11.5,4,4,-88,-7.5
"1886",1886,"chang.cn","SETARIA VIRIDIS",4,6,6,0,0,-6,-6
"1887",1887,"chang.cn","SONCHUS WIGHTIANUS",4,8,4,0,0,-8,-4
"1888",1888,"chang.cn","STELLERA CHAMAEJASME",4,4,2,0,0,-4,-2
"1891",1891,"chang.cn","SUAEDA GLAUCA",4,8,8,0,0,-8,-8
"1896",1896,"chilcasdrt.ar","ACMELLA DECUMBENS",4,0.5,0.5,0,0,-0.5,-0.5
"1905",1905,"chilcasdrt.ar","AMBROSIA TENUIFOLIA",4,0,0,1,1,1,1
"1918",1918,"chilcasdrt.ar","CAREX BONARIENSIS",4,0.5,0.5,0,0,-0.5,-0.5
"1927",1927,"chilcasdrt.ar","CYNODON DACTYLON",4,1,1,0,0,-1,-1
"1949",1949,"chilcasdrt.ar","FESTUCA ARUNDINACEA",4,165,82.5,175,87.5,10,5
"1955",1955,"chilcasdrt.ar","HYDROCOTYLE BONARIENSIS",4,1.5,0.75,0,0,-1.5,-0.75
"1961",1961,"chilcasdrt.ar","LEERSIA HEXANDRA",4,1.5,0.75,0,0,-1.5,-0.75
"1984",1984,"chilcasdrt.ar","PASPALUM DILATATUM",4,0,0,1,1,1,1
"1999",1999,"chilcasdrt.ar","STEINCHISMA HIANS",4,1,1,0,0,-1,-1
"2008",2008,"ciempoz.es","GYPSOPHILA STRUTHIUM",4,17.82,4.455,40.33,8.066,22.51,3.611
"2012",2012,"ciempoz.es","HELIANTHEMUM SQUAMATUM",4,5.94,2.97,0.35,0.35,-5.59,-2.62
"2016",2016,"ciempoz.es","LEPIDIUM SUBULATUM",4,45.29,6.47,41.89,10.4725,-3.40000000000001,4.0025
"2020",2020,"ciempoz.es","THYMUS VULGARIS",4,51.41,8.56833333333333,34.68,5.78,-16.73,-2.78833333333333
"2095",2095,"cowidrt.ca","ACER MACROPHYLLUM",4,1,1,2,1,1,0
"2097",2097,"cowidrt.ca","ACHILLEA MILLEFOLIUM",4,0,0,1,1,1,1
"2099",2099,"cowidrt.ca","ACMISPON PARVIFLORUS",4,0,0,1,1,1,1
"2103",2103,"cowidrt.ca","ALLIUM AMPLECTENS",4,50,50,6,3,-44,-47
"2108",2108,"cowidrt.ca","ANTHOXANTHUM ODORATUM",4,1,1,7,2.33333333333333,6,1.33333333333333
"2112",2112,"cowidrt.ca","BERBERIS NERVOSA",4,0,0,30,30,30,30
"2115",2115,"cowidrt.ca","BROMUS CARINATUS",4,1,1,40,8,39,7
"2119",2119,"cowidrt.ca","BROMUS STERILIS",4,61,12.2,18,6,-43,-6.2
"2124",2124,"cowidrt.ca","CAMASSIA QUAMASH",4,13,6.5,6,6,-7,-0.5
"2127",2127,"cowidrt.ca","CARDAMINE OLIGOSPERMA",4,4,1.33333333333333,2,1,-2,-0.333333333333333
"2131",2131,"cowidrt.ca","CAREX INOPS",4,12,6,6,3,-6,-3
"2135",2135,"cowidrt.ca","CERASTIUM ARVENSE",4,2,1,0,0,-2,-1
"2138",2138,"cowidrt.ca","CERASTIUM GLOMERATUM",4,3,1,6,1.2,3,0.2
"2142",2142,"cowidrt.ca","CLAYTONIA PERFOLIATA",4,15,3,12,3,-3,0
"2147",2147,"cowidrt.ca","CYTISUS SCOPARIUS",4,4,2,0,0,-4,-2
"2151",2151,"cowidrt.ca","DACTYLIS GLOMERATA",4,19,3.8,2,1,-17,-2.8
"2155",2155,"cowidrt.ca","DELPHINIUM MENZIESII",4,15,3.75,6,3,-9,-0.75
"2159",2159,"cowidrt.ca","DODECATHEON HENDERSONII",4,21,10.5,17,4.25,-4,-6.25
"2162",2162,"cowidrt.ca","ELYMUS GLAUCUS",4,1,1,27,13.5,26,12.5
"2163",2163,"cowidrt.ca","ERIOPHYLLUM LANATUM var. LEUCOPHYLLUM",4,1,1,0,0,-1,-1
"2167",2167,"cowidrt.ca","ERYTHRONIUM OREGONUM",4,9,1.8,10,2.5,1,0.7
"2171",2171,"cowidrt.ca","GALIUM APARINE",4,3,1,5,1.25,2,0.25
"2175",2175,"cowidrt.ca","GERANIUM MOLLE",4,16,4,10,2.5,-6,-1.5
"2179",2179,"cowidrt.ca","LATHYRUS SPHAERICUS",4,1,1,2,1,1,0
"2183",2183,"cowidrt.ca","LOMATIUM NUDICAULE",4,2,2,0,0,-2,-2
"2187",2187,"cowidrt.ca","LOMATIUM UTRICULATUM",4,20,10,17,3.4,-3,-6.6
"2191",2191,"cowidrt.ca","MELICA SUBULATA",4,23,5.75,62,15.5,39,9.75
"2194",2194,"cowidrt.ca","MYOSOTIS DISCOLOR",4,1,1,1,1,0,0
"2197",2197,"cowidrt.ca","NEMOPHILA PARVIFLORA",4,4,1,4,1,0,0
"2204",2204,"cowidrt.ca","POA PRATENSIS",4,3,3,4,2,1,-1
"2205",2205,"cowidrt.ca","PSEUDOTSUGA MENZIESII",4,1,1,0,0,-1,-1
"2209",2209,"cowidrt.ca","QUERCUS GARRYANA",4,4,2,6,3,2,1
"2213",2213,"cowidrt.ca","RANUNCULUS OCCIDENTALIS",4,11,3.66666666666667,10,2.5,-1,-1.16666666666667
"2217",2217,"cowidrt.ca","SANICULA CRASSICAULIS",4,5,1.66666666666667,5,1.66666666666667,0,0
"2221",2221,"cowidrt.ca","SYMPHORICARPOS ALBUS",4,74,24.6666666666667,33,8.25,-41,-16.4166666666667
"2224",2224,"cowidrt.ca","TRIFOLIUM DUBIUM",4,1,1,0,0,-1,-1
"2228",2228,"cowidrt.ca","VALERIANA samolifolia",4,28,9.33333333333333,100,33.3333333333333,72,24
"2232",2232,"cowidrt.ca","VALERIANELLA LOCUSTA",4,24,4.8,23,4.6,-1,-0.2
"2236",2236,"cowidrt.ca","VERONICA ARVENSIS",4,5,1,3,1,-2,0
"2240",2240,"cowidrt.ca","VICIA HIRSUTA",4,3,1.5,5,1,2,-0.5
"2244",2244,"cowidrt.ca","VICIA SATIVA",4,4,1,4,1,0,0
"2245",2245,"credoj.au","CALOTIS HISPIDULA",4,0,0,0.5,0.5,0.5,0.5
"2255",2255,"credoj.au","ENNEAPOGON CAERULESCENS",4,56,14,66.5,13.3,10.5,-0.699999999999999
"2259",2259,"credoj.au","ENNEAPOGON POLYPHYLLUS",4,1,0.5,1,0.5,0,0
"2263",2263,"credoj.au","ERAGROSTIS DIELSII",4,0,0,0.5,0.5,0.5,0.5
"2273",2273,"credoj.au","MAIREANA CARNOSA",4,2,0.666666666666667,1,0.5,-1,-0.166666666666667
"2277",2277,"credoj.au","MAIREANA SEDIFOLIA",4,5,1.25,18,3.6,13,2.35
"2280",2280,"credoj.au","MAIREANA TRICHOPTERA",4,0.5,0.5,0.5,0.5,0,0
"2283",2283,"credoj.au","MEDICAGO MINIMA",4,24.5,8.16666666666667,1,0.5,-23.5,-7.66666666666667
"2286",2286,"credoj.au","PASPALIDIUM CLEMENTII",4,5,5,2,2,-3,-3
"2291",2291,"credoj.au","PTILOTUS OBOVATUS",4,5,1.25,4,1.33333333333333,-1,0.0833333333333333
"2293",2293,"credoj.au","RYTIDOSPERMA CAESPITOSUM",4,0,0,0.5,0.5,0.5,0.5
"2297",2297,"credoj.au","SALVIA VERBENACA",4,11.5,2.875,8,2,-3.5,-0.875
"2300",2300,"credoj.au","SCLEROLAENA OBLIQUICUSPIS",4,1,0.5,0,0,-1,-0.5
"2303",2303,"credoj.au","SIDA INTRICATA",4,0.5,0.5,0.5,0.5,0,0
"2307",2307,"credoj.au","SIDA SPODOCHROMA",4,7,3.5,1.5,0.5,-5.5,-3
"2311",2311,"credoj.au","STIPA NITIDA",4,0,0,25,12.5,25,12.5
"2312",2312,"credoj.au","STREPTOGLOSSA LIATROIDES",4,0,0,3,3,3,3
"2317",2317,"credoj.au","VITTADINIA EREMAEA",4,2,0.5,3,0.6,1,0.1
"2327",2327,"credom.au","CEPHALIPTERUM DRUMMONDII",4,3.5,1.75,0,0,-3.5,-1.75
"2334",2334,"credom.au","ENNEAPOGON CAERULESCENS",4,34,11.3333333333333,21.5,5.375,-12.5,-5.95833333333333
"2338",2338,"credom.au","ENNEAPOGON POLYPHYLLUS",4,4,1.33333333333333,0.5,0.5,-3.5,-0.833333333333333
"2344",2344,"credom.au","ERAGROSTIS DIELSII",4,1,0.5,0,0,-1,-0.5
"2348",2348,"credom.au","EUPHORBIA DRUMMONDII",4,0,0,1,0.5,1,0.5
"2351",2351,"credom.au","GOODENIA MIMULOIDES",4,0.5,0.5,0,0,-0.5,-0.5
"2356",2356,"credom.au","MAIREANA CARNOSA",4,1,0.5,1.5,0.5,0.5,0
"2360",2360,"credom.au","MAIREANA SEDIFOLIA",4,16.5,5.5,1,0.5,-15.5,-5
"2363",2363,"credom.au","MAIREANA TRICHOPTERA",4,1.5,0.75,0,0,-1.5,-0.75
"2368",2368,"credom.au","MEDICAGO MINIMA",4,5,2.5,5,5,0,2.5
"2377",2377,"credom.au","PTILOTUS OBOVATUS",4,0.5,0.5,3,3,2.5,2.5
"2378",2378,"credom.au","ROEPERA IODOCARPA",4,0.5,0.5,0,0,-0.5,-0.5
"2381",2381,"credom.au","RYTIDOSPERMA CAESPITOSUM",4,0,0,0.5,0.5,0.5,0.5
"2385",2385,"credom.au","SALVIA VERBENACA",4,12,4,8.5,2.125,-3.5,-1.875
"2388",2388,"credom.au","SIDA INTRICATA",4,4,2,0.5,0.5,-3.5,-1.5
"2392",2392,"credom.au","SIDA SPODOCHROMA",4,0.5,0.5,6.5,3.25,6,2.75
"2395",2395,"credom.au","SONCHUS OLERACEUS",4,0,0,1,1,1,1
"2402",2402,"credom.au","STIPA NITIDA",4,1.5,0.75,14,4.66666666666667,12.5,3.91666666666667
"2408",2408,"credom.au","VITTADINIA EREMAEA",4,1.5,0.5,1,0.5,-0.5,0
"2414",2414,"ebro.es","BRACHYPODIUM RETUSUM",4,2.45,2.45,0,0,-2.45,-2.45
"2417",2417,"ebro.es","DACTYLIS GLOMERATA",4,0,0,0.16,0.16,0.16,0.16
"2418",2418,"ebro.es","FUMANA ERICOIDES",4,0,0,0.01,0.01,0.01,0.01
"2422",2422,"ebro.es","GENISTA SCORPIUS",4,38.17,12.7233333333333,10.4,3.46666666666667,-27.77,-9.25666666666667
"2429",2429,"ebro.es","HELIANTHEMUM LAVANDULIFOLIUM",4,7.05,2.35,6.33,2.11,-0.72,-0.24
"2433",2433,"ebro.es","HELIANTHEMUM MARIFOLIUM",4,3.66,1.22,2.76,0.92,-0.9,-0.3
"2437",2437,"ebro.es","HELIANTHEMUM SQUAMATUM",4,0,0,0.27,0.27,0.27,0.27
"2441",2441,"ebro.es","HELICHRYSUM STOECHAS",4,0.04,0.04,1.24,0.62,1.2,0.58
"2446",2446,"ebro.es","HERNIARIA FRUTICOSA",4,1.9,0.633333333333333,1.05,0.35,-0.85,-0.283333333333333
"2450",2450,"ebro.es","JUNIPERUS PHOENICEA",4,0.11,0.11,0.99,0.495,0.88,0.385
"2452",2452,"ebro.es","KOELERIA VALLESIANA",4,0,0,0.04,0.04,0.04,0.04
"2456",2456,"ebro.es","LINUM SUFFRUTICOSUM",4,7.73,2.57666666666667,10.07,3.35666666666667,2.34,0.78
"2460",2460,"ebro.es","POLYGALA RUPESTRIS",4,0.01,0.01,0.18,0.18,0.17,0.17
"2464",2464,"ebro.es","ROSMARINUS OFFICINALIS",4,70.48,23.4933333333333,51.99,17.33,-18.49,-6.16333333333333
"2467",2467,"ebro.es","STIPA PARVIFLORA",4,0.05,0.05,0,0,-0.05,-0.05
"2471",2471,"ebro.es","TEUCRIUM CAPITATUM",4,1.48,0.74,1.06,0.353333333333333,-0.42,-0.386666666666667
"2475",2475,"ebro.es","THYMELAEA TINCTORIA",4,0.41,0.41,2.68,2.68,2.27,2.27
"2479",2479,"ebro.es","THYMUS VULGARIS",4,5.68,1.89333333333333,5.03,1.67666666666667,-0.65,-0.216666666666667
"2526",2526,"elvadrt.ee","ACHILLEA MILLEFOLIUM",4,20,6.66666666666667,22,7.33333333333333,2,0.666666666666666
"2532",2532,"elvadrt.ee","AGRIMONIA EUPATORIA",4,0,0,1,1,1,1
"2538",2538,"elvadrt.ee","ALOPECURUS PRATENSIS",4,1,1,0,0,-1,-1
"2543",2543,"elvadrt.ee","ANTHOXANTHUM ODORATUM",4,3,1,4,1.33333333333333,1,0.333333333333333
"2546",2546,"elvadrt.ee","ANTHRISCUS SYLVESTRIS",4,1,1,0,0,-1,-1
"2555",2555,"elvadrt.ee","BRIZA MEDIA",4,70,23.3333333333333,80,26.6666666666667,10,3.33333333333334
"2564",2564,"elvadrt.ee","CERASTIUM ARVENSE",4,1,1,2,1,1,0
"2574",2574,"elvadrt.ee","DACTYLIS GLOMERATA",4,20,6.66666666666667,20,6.66666666666667,0,0
"2579",2579,"elvadrt.ee","DAUCUS CAROTA",4,0,0,1,1,1,1
"2585",2585,"elvadrt.ee","EQUISETUM ARVENSE",4,2,1,2,1,0,0
"2591",2591,"elvadrt.ee","FESTUCA PRATENSIS",4,9,3,9,3,0,0
"2597",2597,"elvadrt.ee","FESTUCA RUBRA",4,9,3,8,2.66666666666667,-1,-0.333333333333333
"2603",2603,"elvadrt.ee","FRAGARIA VESCA",4,16,5.33333333333333,23,7.66666666666667,7,2.33333333333333
"2609",2609,"elvadrt.ee","HELICTOTRICHON PUBESCENS",4,2,1,2,1,0,0
"2614",2614,"elvadrt.ee","HYPERICUM PERFORATUM",4,0,0,1,1,1,1
"2620",2620,"elvadrt.ee","LATHYRUS PRATENSIS",4,10,10,22,11,12,1
"2626",2626,"elvadrt.ee","LEONTODON HISPIDUS",4,40,13.3333333333333,17,5.66666666666667,-23,-7.66666666666667
"2632",2632,"elvadrt.ee","LEUCANTHEMUM VULGARE",4,2,1,1,1,-1,0
"2638",2638,"elvadrt.ee","LINUM CATHARTICUM",4,1,1,1,1,0,0
"2644",2644,"elvadrt.ee","LUZULA MULTIFLORA",4,5,1.66666666666667,4,1.33333333333333,-1,-0.333333333333333
"2650",2650,"elvadrt.ee","MEDICAGO LUPULINA",4,6,2,17,5.66666666666667,11,3.66666666666667
"2652",2652,"elvadrt.ee","PHLEUM PRATENSE",4,1,1,0,0,-1,-1
"2658",2658,"elvadrt.ee","POA ANGUSTIFOLIA",4,1,1,3,1,2,0
"2664",2664,"elvadrt.ee","POTENTILLA ANSERINA",4,1,1,2,1,1,0
"2670",2670,"elvadrt.ee","RANUNCULUS ACRIS",4,11,3.66666666666667,6,2,-5,-1.66666666666667
"2676",2676,"elvadrt.ee","RUMEX ACETOSA",4,3,1,2,1,-1,0
"2682",2682,"elvadrt.ee","SCORZONEROIDES AUTUMNALIS",4,8,2.66666666666667,8,2.66666666666667,0,0
"2690",2690,"elvadrt.ee","STELLARIA GRAMINEA",4,0,0,3,1,3,1
"2696",2696,"elvadrt.ee","TRIFOLIUM PRATENSE",4,0,0,5,5,5,5
"2702",2702,"elvadrt.ee","TRIFOLIUM REPENS",4,3,1,3,1.5,0,0.5
"2708",2708,"elvadrt.ee","VERONICA CHAMAEDRYS",4,5,1.66666666666667,3,1.5,-2,-0.166666666666667
"2714",2714,"elvadrt.ee","VICIA CRACCA",4,45,15,6,2,-39,-13
"2720",2720,"elvadrt.ee","VICIA SEPIUM",4,1,1,3,1.5,2,0.5
"2728",2728,"esw.ca","CIRSIUM ARVENSE",4,3,1.5,5,1.66666666666667,2,0.166666666666667
"2735",2735,"esw.ca","DAUCUS CAROTA",4,21,10.5,30,15,9,4.5
"2739",2739,"esw.ca","ELYMUS REPENS",4,1,1,0,0,-1,-1
"2744",2744,"esw.ca","ERIGERON ANNUUS",4,5,1.66666666666667,3,1,-2,-0.666666666666667
"2746",2746,"esw.ca","FRAGARIA VIRGINIANA",4,1,1,0,0,-1,-1
"2751",2751,"esw.ca","GEUM CANADENSE",4,1,1,0,0,-1,-1
"2756",2756,"esw.ca","HOLOSTEUM UMBELLATUM",4,0,0,2,1,2,1
"2761",2761,"esw.ca","MEDICAGO LUPULINA",4,1,1,4,2,3,1
"2766",2766,"esw.ca","POA COMPRESSA",4,23,11.5,10,5,-13,-6.5
"2771",2771,"esw.ca","SOLIDAGO CANADENSIS",4,30,10,50,16.6666666666667,20,6.66666666666667
"2776",2776,"esw.ca","SONCHUS ARVENSIS",4,35,17.5,12,6,-23,-11.5
"2780",2780,"esw.ca","SYMPHYOTRICHUM ERICOIDES",4,1,1,0,0,-1,-1
"2785",2785,"esw.ca","SYMPHYOTRICHUM LANCEOLATUM",4,10,3.33333333333333,8,2.66666666666667,-2,-0.666666666666667
"2790",2790,"esw.ca","SYMPHYOTRICHUM NOVAE-ANGLIAE",4,5,5,7,2.33333333333333,2,-2.66666666666667
"2793",2793,"esw.ca","SYMPHYOTRICHUM PILOSUM",4,2,1,6,3,4,2
"2798",2798,"esw.ca","TARAXACUM TARAXACUM",4,18,6,53,17.6666666666667,35,11.6666666666667
"2803",2803,"esw.ca","TRIFOLIUM PRATENSE",4,85,28.3333333333333,75,25,-10,-3.33333333333333
"2805",2805,"esw.ca","TRIFOLIUM REPENS",4,6,3,10,10,4,7
"2810",2810,"esw.ca","VITIS VULPINA",4,0,0,6,3,6,3
"2815",2815,"ethadb.au","ARISTIDA HOLATHERA",4,2,2,4,2,2,0
"2821",2821,"ethadb.au","ERIACHNE ARISTIDEA",4,0,0,1,1,1,1
"2833",2833,"ethadb.au","PTILOTUS POLYSTACHYUS",4,0,0,2.6,1.3,2.6,1.3
"2842",2842,"ethadb.au","TRIODIA BASEDOWII",4,163,54.3333333333333,162,81,-1,26.6666666666667
"2849",2849,"ethadn.au","ARISTIDA HOLATHERA",4,0,0,5,1.66666666666667,5,1.66666666666667
"2860",2860,"ethadn.au","TRACHYMENE GLAUCIFOLIA",4,0.1,0.1,1.1,0.55,1,0.45
"2864",2864,"ethadn.au","TRIODIA BASEDOWII",4,166,55.3333333333333,204,68,38,12.6666666666667
"3041",3041,"hard.us","ACHILLEA MILLEFOLIUM",4,0,0,1,1,1,1
"3046",3046,"hard.us","ARTEMISIA NOVA",4,0,0,36,18,36,18
"3051",3051,"hard.us","ARTEMISIA TRIDENTATA",4,39,13,25,25,-14,12
"3056",3056,"hard.us","BROMUS TECTORUM",4,16,5.33333333333333,2,1,-14,-4.33333333333333
"3062",3062,"hard.us","CHRYSOTHAMNUS VISCIDIFLORUS",4,6,2,18,9,12,7
"3067",3067,"hard.us","COMANDRA UMBELLATA",4,2,1,0,0,-2,-1
"3076",3076,"hard.us","KOELERIA MACRANTHA",4,4,4,0,0,-4,-4
"3081",3081,"hard.us","LINUM PERENNE",4,2,2,0,0,-2,-2
"3086",3086,"hard.us","LUPINUS ARGENTEUS",4,3,3,0,0,-3,-3
"3098",3098,"hard.us","PSEUDOROEGNERIA SPICATA",4,16,5.33333333333333,3,1.5,-13,-3.83333333333333
"3103",3103,"hard.us","PURSHIA TRIDENTATA",4,2,2,6,3,4,1
"3108",3108,"hard.us","SYMPHYOTRICHUM ERICOIDES",4,5,1.66666666666667,13,4.33333333333333,8,2.66666666666667
"3113",3113,"hard.us","THLASPI ARVENSE",4,1,1,0,0,-1,-1
"3116",3116,"hard.us","TRAGOPOGON DUBIUS",4,0,0,1,1,1,1
"3163",3163,"jenadrt.de","ACHILLEA MILLEFOLIUM",4,34,34,6,6,-28,-28
"3167",3167,"jenadrt.de","AGRIMONIA EUPATORIA",4,2,2,0,0,-2,-2
"3173",3173,"jenadrt.de","APHANES ARVENSIS",4,5,5,0.5,0.5,-4.5,-4.5
"3179",3179,"jenadrt.de","ARENARIA SERPYLLIFOLIA",4,14,4.66666666666667,4.5,1.5,-9.5,-3.16666666666667
"3184",3184,"jenadrt.de","ARRHENATHERUM ELATIUS",4,3,1.5,3,1.5,0,0
"3190",3190,"jenadrt.de","BELLIS PERENNIS",4,7,2.33333333333333,0.5,0.5,-6.5,-1.83333333333333
"3195",3195,"jenadrt.de","CAPSELLA BURSA-PASTORIS",4,0.5,0.5,0,0,-0.5,-0.5
"3198",3198,"jenadrt.de","CARDAMINE HIRSUTA",4,0,0,0.5,0.5,0.5,0.5
"3203",3203,"jenadrt.de","CERASTIUM FONTANUM",4,13,4.33333333333333,6,2,-7,-2.33333333333333
"3208",3208,"jenadrt.de","CERASTIUM GLOMERATUM",4,0.5,0.5,1,0.5,0.5,0
"3215",3215,"jenadrt.de","CLINOPODIUM VULGARE",4,17,8.5,0,0,-17,-8.5
"3221",3221,"jenadrt.de","CONVOLVULUS ARVENSIS",4,12,6,3,3,-9,-3
"3227",3227,"jenadrt.de","CREPIS BIENNIS",4,5,2.5,0,0,-5,-2.5
"3229",3229,"jenadrt.de","DACTYLIS GLOMERATA",4,0.5,0.5,0,0,-0.5,-0.5
"3236",3236,"jenadrt.de","ELYMUS REPENS",4,17,8.5,23.5,11.75,6.5,3.25
"3245",3245,"jenadrt.de","FALCARIA VULGARIS",4,0,0,15,7.5,15,7.5
"3254",3254,"jenadrt.de","GERANIUM DISSECTUM",4,6,2,6,2,0,0
"3260",3260,"jenadrt.de","GERANIUM PUSILLUM",4,105,35,201,67,96,32
"3266",3266,"jenadrt.de","GLECHOMA HEDERACEA",4,2,2,0,0,-2,-2
"3271",3271,"jenadrt.de","LACTUCA SERRIOLA",4,0.5,0.5,8,4,7.5,3.5
"3273",3273,"jenadrt.de","LAMIUM AMPLEXICAULE",4,0,0,0.5,0.5,0.5,0.5
"3275",3275,"jenadrt.de","LAMIUM PURPUREUM",4,0,0,0.5,0.5,0.5,0.5
"3282",3282,"jenadrt.de","LOLIUM PERENNE",4,35,11.6666666666667,24,8,-11,-3.66666666666667
"3288",3288,"jenadrt.de","MEDICAGO LUPULINA",4,4,1.33333333333333,1,1,-3,-0.333333333333333
"3292",3292,"jenadrt.de","MYOSOTIS ARVENSIS",4,0,0,0.5,0.5,0.5,0.5
"3293",3293,"jenadrt.de","PAPAVER RHOEAS",4,0,0,5,2.5,5,2.5
"3299",3299,"jenadrt.de","PICRIS HIERACIOIDES",4,28,14,0,0,-28,-14
"3305",3305,"jenadrt.de","POA PRATENSIS",4,40,13.3333333333333,21,7,-19,-6.33333333333333
"3311",3311,"jenadrt.de","POA TRIVIALIS",4,0.5,0.5,0,0,-0.5,-0.5
"3317",3317,"jenadrt.de","SCORZONEROIDES AUTUMNALIS",4,1,1,0,0,-1,-1
"3322",3322,"jenadrt.de","STELLARIA MEDIA",4,0.5,0.5,3.5,1.16666666666667,3,0.666666666666667
"3328",3328,"jenadrt.de","TARAXACUM CAMPYLODES",4,37,12.3333333333333,11.5,3.83333333333333,-25.5,-8.5
"3336",3336,"jenadrt.de","TRIFOLIUM DUBIUM",4,3,1.5,1.5,0.5,-1.5,-1
"3341",3341,"jenadrt.de","VALERIANELLA carinata",4,0,0,9,9,9,9
"3346",3346,"jenadrt.de","VERONICA ARVENSIS",4,0.5,0.5,2,0.666666666666667,1.5,0.166666666666667
"3350",3350,"jenadrt.de","VERONICA PERSICA",4,0.5,0.5,5.5,2.75,5,2.25
"3354",3354,"jenadrt.de","VIOLA ARVENSIS",4,0,0,0.5,0.5,0.5,0.5
"3497",3497,"kernb.ca","ACHILLEA MILLEFOLIUM",4,5.5,1.83333333333333,11,3.66666666666667,5.5,1.83333333333333
"3500",3500,"kernb.ca","AGROSTIS SCABRA",4,1.5,0.75,0,0,-1.5,-0.75
"3503",3503,"kernb.ca","ANDROSACE SEPTENTRIONALIS",4,0.5,0.5,0,0,-0.5,-0.5
"3508",3508,"kernb.ca","ANEMONE PATENS",4,3,3,0,0,-3,-3
"3513",3513,"kernb.ca","ARTEMISIA ABSINTHIUM",4,0.5,0.5,0,0,-0.5,-0.5
"3518",3518,"kernb.ca","ARTEMISIA FRIGIDA",4,72,24,34,11.3333333333333,-38,-12.6666666666667
"3523",3523,"kernb.ca","ARTEMISIA LUDOVICIANA",4,0,0,1,1,1,1
"3528",3528,"kernb.ca","ASTRAGALUS FLEXUOSUS",4,0,0,1,0.5,1,0.5
"3532",3532,"kernb.ca","CAMPANULA ROTUNDIFOLIA",4,0,0,1.5,0.75,1.5,0.75
"3538",3538,"kernb.ca","CERASTIUM ARVENSE",4,0,0,0.5,0.5,0.5,0.5
"3540",3540,"kernb.ca","CIRSIUM ARVENSE",4,0.5,0.5,1,1,0.5,0.5
"3545",3545,"kernb.ca","ELYMUS TRACHYCAULUS",4,0,0,5,2.5,5,2.5
"3550",3550,"kernb.ca","FESTUCA ALTAICA",4,64,21.3333333333333,58,19.3333333333333,-6,-2
"3555",3555,"kernb.ca","GALIUM BOREALE",4,3,3,0,0,-3,-3
"3561",3561,"kernb.ca","HEUCHERA RICHARDSONII",4,0,0,0.5,0.5,0.5,0.5
"3566",3566,"kernb.ca","LACTUCA TATARICA",4,0.5,0.5,1.5,0.75,1,0.25
"3571",3571,"kernb.ca","MUHLENBERGIA RICHARDSONIS",4,2,2,0,0,-2,-2
"3579",3579,"kernb.ca","POA PRATENSIS",4,14,7,10,10,-4,3
"3584",3584,"kernb.ca","ROSA ARKANSANA",4,2,1,10,3.33333333333333,8,2.33333333333333
"3589",3589,"kernb.ca","SOLIDAGO CANADENSIS",4,0.5,0.5,0,0,-0.5,-0.5
"3594",3594,"kernb.ca","SOLIDAGO MISSOURIENSIS",4,0.5,0.5,2,2,1.5,1.5
"3603",3603,"kernb.ca","STIPA CURTISETA",4,8,2.66666666666667,23,7.66666666666667,15,5
"3608",3608,"kernb.ca","SYMPHYOTRICHUM ERICOIDES",4,4,4,5,5,1,1
"3613",3613,"kernb.ca","TARAXACUM TARAXACUM",4,1.5,0.75,5,1.66666666666667,3.5,0.916666666666667
"3618",3618,"kernb.ca","VICIA AMERICANA",4,1,0.5,1,0.5,0,0
"3623",3623,"kernnu.ca","ACHILLEA MILLEFOLIUM",4,0.5,0.5,0,0,-0.5,-0.5
"3627",3627,"kernnu.ca","AGOSERIS GLAUCA",4,0.5,0.5,0,0,-0.5,-0.5
"3629",3629,"kernnu.ca","ANDROSACE SEPTENTRIONALIS",4,0.5,0.5,0.5,0.5,0,0
"3634",3634,"kernnu.ca","ARTEMISIA FRIGIDA",4,13,6.5,0,0,-13,-6.5
"3639",3639,"kernnu.ca","ARTEMISIA LUDOVICIANA",4,2,1,7,3.5,5,2.5
"3644",3644,"kernnu.ca","ASTRAGALUS FLEXUOSUS",4,0.5,0.5,2.5,1.25,2,0.75
"3649",3649,"kernnu.ca","CAMPANULA ROTUNDIFOLIA",4,1,0.5,2,0.666666666666667,1,0.166666666666667
"3651",3651,"kernnu.ca","CARDUUS NUTANS",4,0,0,2,2,2,2
"3656",3656,"kernnu.ca","CERASTIUM ARVENSE",4,0,0,2,2,2,2
"3660",3660,"kernnu.ca","CIRSIUM ARVENSE",4,1.5,0.75,2,0.666666666666667,0.5,-0.0833333333333334
"3664",3664,"kernnu.ca","ELYMUS TRACHYCAULUS",4,5,2.5,10,3.33333333333333,5,0.833333333333333
"3669",3669,"kernnu.ca","FESTUCA ALTAICA",4,105,35,31,10.3333333333333,-74,-24.6666666666667
"3674",3674,"kernnu.ca","GALIUM BOREALE",4,1.5,0.75,8,8,6.5,7.25
"3678",3678,"kernnu.ca","HELICTOTRICHON HOOKERI",4,1,1,0,0,-1,-1
"3689",3689,"kernnu.ca","PASCOPYRUM SMITHII",4,0.5,0.5,0.5,0.5,0,0
"3694",3694,"kernnu.ca","POA PRATENSIS",4,1,1,60,30,59,29
"3699",3699,"kernnu.ca","ROSA ARKANSANA",4,2,2,4.5,2.25,2.5,0.25
"3705",3705,"kernnu.ca","SONCHUS ARVENSIS",4,3,3,0,0,-3,-3
"3710",3710,"kernnu.ca","STIPA CURTISETA",4,7,3.5,6,3,-1,-0.5
"3715",3715,"kernnu.ca","SYMPHYOTRICHUM ERICOIDES",4,12,12,0,0,-12,-12
"3720",3720,"kernnu.ca","TARAXACUM TARAXACUM",4,4.5,2.25,9,3,4.5,0.75
"3727",3727,"kernnu.ca","VICIA AMERICANA",4,2,0.666666666666667,1.5,0.5,-0.5,-0.166666666666667
"3732",3732,"kinsella.ca","ACHILLEA MILLEFOLIUM",4,10,10,35,11.6666666666667,25,1.66666666666667
"3737",3737,"kinsella.ca","ANEMONE PATENS",4,2,2,33,16.5,31,14.5
"3742",3742,"kinsella.ca","ARTEMISIA FRIGIDA",4,10,10,83,20.75,73,10.75
"3747",3747,"kinsella.ca","ASTRAGALUS AGRESTIS",4,8,4,5,5,-3,1
"3759",3759,"kinsella.ca","ELYMUS TRACHYCAULUS",4,30,15,5,5,-25,-10
"3764",3764,"kinsella.ca","FESTUCA HALLII",4,38,7.6,75,37.5,37,29.9
"3769",3769,"kinsella.ca","GEUM TRIFLORUM",4,15,15,0,0,-15,-15
"3776",3776,"kinsella.ca","PASCOPYRUM SMITHII",4,33,6.6,42,8.4,9,1.8
"3781",3781,"kinsella.ca","POA PRATENSIS",4,355,71,290,58,-65,-13
"3787",3787,"kinsella.ca","SOLIDAGO MISSOURIENSIS",4,5,5,0,0,-5,-5
"3795",3795,"kinsella.ca","STIPA CURTISETA",4,0,0,20,20,20,20
"3800",3800,"kinsella.ca","SYMPHYOTRICHUM FALCATUM",4,20,10,22,7.33333333333333,2,-2.66666666666667
"3801",3801,"kinsella.ca","TARAXACUM TARAXACUM",4,1,1,0,0,-1,-1
"3802",3802,"kinsella.ca","TRAGOPOGON DUBIUS",4,0,0,10,10,10,10
"3807",3807,"kinsella.ca","VICIA AMERICANA",4,23,5.75,34,6.8,11,1.05
"3860",3860,"konzadrt.us","AMBROSIA PSILOSTACHYA",4,74,14.8,84,16.8,10,2
"3867",3867,"konzadrt.us","ANDROPOGON GERARDII",4,305,61,280,56,-25,-5
"3872",3872,"konzadrt.us","ANTENNARIA NEGLECTA",4,2,2,0,0,-2,-2
"3876",3876,"konzadrt.us","ARTEMISIA LUDOVICIANA",4,0,0,2,2,2,2
"3879",3879,"konzadrt.us","ASCLEPIAS VERTICILLATA",4,1,1,2,1,1,0
"3884",3884,"konzadrt.us","ASCLEPIAS VIRIDIS",4,2,2,9,4.5,7,2.5
"3890",3890,"konzadrt.us","BOUTELOUA CURTIPENDULA",4,0,0,3,3,3,3
"3898",3898,"konzadrt.us","CAREX BREVIOR",4,1,1,0,0,-1,-1
"3903",3903,"konzadrt.us","CAREX INOPS",4,6,1.5,4,1,-2,-0.5
"3907",3907,"konzadrt.us","CAREX MEADII",4,15,3,6,1.5,-9,-1.5
"3913",3913,"konzadrt.us","DALEA CANDIDA",4,5,5,5,5,0,0
"3918",3918,"konzadrt.us","DICHANTHELIUM OLIGOSANTHES",4,24,4.8,7,1.75,-17,-3.05
"3925",3925,"konzadrt.us","HELIANTHUS PAUCIFLORUS",4,9,4.5,0,0,-9,-4.5
"3930",3930,"konzadrt.us","KOELERIA MACRANTHA",4,1,1,2,1,1,0
"3931",3931,"konzadrt.us","KRIGIA CESPITOSA",4,1,1,0,0,-1,-1
"3939",3939,"konzadrt.us","OXALIS STRICTA",4,1,1,1,1,0,0
"3943",3943,"konzadrt.us","PANICUM VIRGATUM",4,2,2,1,1,-1,-1
"3948",3948,"konzadrt.us","PSORALIDIUM TENUIFLORUM",4,51,12.75,86,17.2,35,4.45
"3953",3953,"konzadrt.us","RUELLIA HUMILIS",4,3,1,7,2.33333333333333,4,1.33333333333333
"3954",3954,"konzadrt.us","SISYRINCHIUM ALBIDUM",4,1,1,1,1,0,0
"3958",3958,"konzadrt.us","SOLIDAGO MISSOURIENSIS",4,1,1,1,1,0,0
"3963",3963,"konzadrt.us","SORGHASTRUM NUTANS",4,15,7.5,5,5,-10,-2.5
"3967",3967,"konzadrt.us","SPOROBOLUS COMPOSITUS",4,3,1.5,2,2,-1,0.5
"3972",3972,"konzadrt.us","SYMPHYOTRICHUM ERICOIDES",4,20,5,50,10,30,5
"3977",3977,"konzadrt.us","SYMPHYOTRICHUM OBLONGIFOLIUM",4,5,5,0,0,-5,-5
"3985",3985,"kranz.de","FAGUS SYLVATICA",4,300,50,300,50,0,0
"3991",3991,"kranz.de","PICEA ABIES",4,300,50,300,50,0,0
"4409",4409,"matador.ca","ACHILLEA MILLEFOLIUM",4,1.5,0.5,0,0,-1.5,-0.5
"4410",4410,"matador.ca","AGOSERIS GLAUCA",4,2,2,0,0,-2,-2
"4411",4411,"matador.ca","ANDROSACE SEPTENTRIONALIS",4,0.5,0.5,0,0,-0.5,-0.5
"4416",4416,"matador.ca","ARTEMISIA FRIGIDA",4,6,3,5.5,1.83333333333333,-0.5,-1.16666666666667
"4417",4417,"matador.ca","ASTRAGALUS FLEXUOSUS",4,0,0,0.5,0.5,0.5,0.5
"4419",4419,"matador.ca","CAMPANULA ROTUNDIFOLIA",4,0.5,0.5,0,0,-0.5,-0.5
"4424",4424,"matador.ca","CERASTIUM ARVENSE",4,0,0,1,0.5,1,0.5
"4429",4429,"matador.ca","COMANDRA UMBELLATA",4,1.5,0.75,2.5,0.833333333333333,1,0.0833333333333334
"4435",4435,"matador.ca","GALIUM BOREALE",4,19.5,6.5,0,0,-19.5,-6.5
"4437",4437,"matador.ca","HESPEROSTIPA COMATA",4,12,6,1,1,-11,-5
"4442",4442,"matador.ca","KOELERIA MACRANTHA",4,3,3,0,0,-3,-3
"4447",4447,"matador.ca","KRASCHENINNIKOVIA LANATA",4,20,6.66666666666667,38,12.6666666666667,18,6
"4452",4452,"matador.ca","LINUM RIGIDUM",4,1,1,3,1.5,2,0.5
"4457",4457,"matador.ca","NASSELLA VIRIDULA",4,75,37.5,62,20.6666666666667,-13,-16.8333333333333
"4462",4462,"matador.ca","PASCOPYRUM SMITHII",4,10,3.33333333333333,40,13.3333333333333,30,10
"4464",4464,"matador.ca","PHLOX HOODII",4,0,0,0.5,0.5,0.5,0.5
"4472",4472,"matador.ca","SYMPHYOTRICHUM ERICOIDES",4,0.5,0.5,0.5,0.5,0,0
"4480",4480,"matador.ca","VICIA AMERICANA",4,0,0,0.5,0.5,0.5,0.5
"4529",4529,"milparinka.au","ASTREBLA LAPPACEA",4,14,7,10.5,5.25,-3.5,-1.75
"4542",4542,"milparinka.au","RHODANTHE FLORIBUNDA",4,43,14.3333333333333,37,12.3333333333333,-6,-2
"4547",4547,"milparinka.au","SCLEROLAENA DIACANTHA",4,63,21,19,6.33333333333333,-44,-14.6666666666667
"4550",4550,"milparinka.au","SCLEROLAENA TRICUSPIS",4,18,6,20,6.66666666666667,2,0.666666666666667
"4564",4564,"naposta.ar","ARISTIDA SPEGAZZINII",4,0,0,1,1,1,1
"4568",4568,"naposta.ar","AVENA BARBATA",4,110,36.6666666666667,110,36.6666666666667,0,0
"4573",4573,"naposta.ar","BACCHARIS ULICINA",4,20,6.66666666666667,15,7.5,-5,0.833333333333333
"4577",4577,"naposta.ar","BROMUS CATHARTICUS",4,5,5,1,1,-4,-4
"4582",4582,"naposta.ar","DIPLOTAXIS TENUIFOLIA",4,15,7.5,30,10,15,2.5
"4585",4585,"naposta.ar","ERIGERON BONARIENSIS",4,1,1,2,1,1,0
"4588",4588,"naposta.ar","LACTUCA SERRIOLA",4,5,5,0,0,-5,-5
"4589",4589,"naposta.ar","LOLIUM MULTIFLORUM",4,10,10,0,0,-10,-10
"4593",4593,"naposta.ar","NASSELLA NEESIANA",4,60,20,1,1,-59,-19
"4597",4597,"naposta.ar","NASSELLA TRICHOTOMA",4,15,7.5,1,1,-14,-6.5
"4607",4607,"naposta.ar","SOLANUM aethiopicum",4,1,1,0,0,-1,-1
"4610",4610,"naposta.ar","SPHAERALCEA AUSTRALIS",4,0,0,5,5,5,5
"4613",4613,"naposta.ar","TURNERA SIDOIDES",4,1,1,2,1,1,0
"4716",4716,"oklah.us","ACHILLEA MILLEFOLIUM",4,0.5,0.5,0.5,0.5,0,0
"4721",4721,"oklah.us","AMBROSIA PSILOSTACHYA",4,6.5,2.16666666666667,0.5,0.5,-6,-1.66666666666667
"4724",4724,"oklah.us","AMPHIACHYRIS DRACUNCULOIDES",4,1,0.5,0,0,-1,-0.5
"4726",4726,"oklah.us","ANDROPOGON VIRGINICUS",4,0.5,0.5,0,0,-0.5,-0.5
"4734",4734,"oklah.us","BOTHRIOCHLOA ISCHAEMUM",4,0.5,0.5,3,3,2.5,2.5
"4742",4742,"oklah.us","CALYLOPHUS SERRULATUS",4,43.5,14.5,3,3,-40.5,-11.5
"4748",4748,"oklah.us","CHAMAECRISTA FASCICULATA",4,1.5,0.5,0,0,-1.5,-0.5
"4754",4754,"oklah.us","CROTON MONANTHOGYNUS",4,22,4.4,6,3,-16,-1.4
"4760",4760,"oklah.us","DALEA PURPUREA",4,21,7,18.5,6.16666666666667,-2.5,-0.833333333333334
"4765",4765,"oklah.us","DESMANTHUS ILLINOENSIS",4,4,1.33333333333333,3,3,-1,1.66666666666667
"4772",4772,"oklah.us","DICHANTHELIUM OLIGOSANTHES",4,34,6.8,16,5.33333333333333,-18,-1.46666666666667
"4779",4779,"oklah.us","ERIGERON STRIGOSUS",4,4,1.33333333333333,0.5,0.5,-3.5,-0.833333333333333
"4782",4782,"oklah.us","FIMBRISTYLIS PUBERULA",4,0.5,0.5,0,0,-0.5,-0.5
"4786",4786,"oklah.us","GALIUM VIRGATUM",4,0,0,0.5,0.5,0.5,0.5
"4802",4802,"oklah.us","LESPEDEZA JUNCEA var. SERICEA",4,30,15,1,0.5,-29,-14.5
"4814",4814,"oklah.us","OXALIS STRICTA",4,0.5,0.5,0.5,0.5,0,0
"4822",4822,"oklah.us","PRUNUS ANGUSTIFOLIA",4,3.5,1.75,3,3,-0.5,1.25
"4826",4826,"oklah.us","PSORALIDIUM TENUIFLORUM",4,15.5,7.75,0,0,-15.5,-7.75
"4831",4831,"oklah.us","RATIBIDA COLUMNIFERA",4,0.5,0.5,0,0,-0.5,-0.5
"4836",4836,"oklah.us","RHUS COPALLINUM",4,15,15,3,3,-12,-12
"4845",4845,"oklah.us","SCHIZACHYRIUM SCOPARIUM",4,112.5,18.75,55.5,18.5,-57,-0.25
"4852",4852,"oklah.us","SOLIDAGO NEMORALIS",4,15,15,3,3,-12,-12
"4857",4857,"oklah.us","SOLIDAGO RIGIDA",4,3.5,1.75,3,3,-0.5,1.25
"4862",4862,"oklah.us","SORGHASTRUM NUTANS",4,180,30,75,37.5,-105,7.5
"4869",4869,"oklah.us","SPOROBOLUS COMPOSITUS",4,128,25.6,55.5,18.5,-72.5,-7.1
"4876",4876,"oklah.us","SYMPHYOTRICHUM ERICOIDES",4,49,8.16666666666667,53,17.6666666666667,4,9.5
"4885",4885,"oklah.us","TRAGIA BETONICIFOLIA",4,0.5,0.5,0,0,-0.5,-0.5
"4894",4894,"oreaa.us","ALLIUM ACUMINATUM",4,0.5,0.5,0,0,-0.5,-0.5
"4899",4899,"oreaa.us","ARTEMISIA ARBUSCULA",4,38,9.5,53.5,10.7,15.5,1.2
"4904",4904,"oreaa.us","BLEPHARIPAPPUS SCABER",4,3,0.6,2.5,0.5,-0.5,-0.1
"4908",4908,"oreaa.us","BROMUS JAPONICUS",4,1.5,0.5,2,0.5,0.5,0
"4913",4913,"oreaa.us","COLLINSIA PARVIFLORA",4,1.5,0.5,1.5,0.5,0,0
"4918",4918,"oreaa.us","DANTHONIA CALIFORNICA",4,1,1,15,5,14,4
"4922",4922,"oreaa.us","DRABA VERNA",4,0.5,0.5,0,0,-0.5,-0.5
"4927",4927,"oreaa.us","ELYMUS ELYMOIDES",4,16,4,18,4.5,2,0.5
"4932",4932,"oreaa.us","EPILOBIUM BRACHYCARPUM",4,1,0.5,1,0.5,0,0
"4937",4937,"oreaa.us","EREMOGONE CONGESTA",4,0,0,1.5,0.75,1.5,0.75
"4942",4942,"oreaa.us","ERIGERON BLOOMERI",4,6,1.5,1.5,0.75,-4.5,-0.75
"4947",4947,"oreaa.us","ERIOGONUM SPHAEROCEPHALUM",4,1.5,0.75,7.5,2.5,6,1.75
"4952",4952,"oreaa.us","FESTUCA IDAHOENSIS",4,31.5,6.3,31.5,6.3,0,0
"4953",4953,"oreaa.us","FRASERA ALBICAULIS",4,0,0,1,0.5,1,0.5
"4956",4956,"oreaa.us","IDAHOA SCAPIGERA",4,0.5,0.5,0,0,-0.5,-0.5
"4962",4962,"oreaa.us","NAVARRETIA INTERTEXTA SSP. PROPINQUA",4,2,0.5,1.5,0.5,-0.5,0
"4967",4967,"oreaa.us","NOTHOCALAIS TROXIMOIDES",4,1,1,1.5,0.75,0.5,-0.25
"4972",4972,"oreaa.us","PACKERA CANA",4,31,15.5,0,0,-31,-15.5
"4976",4976,"oreaa.us","PERIDERIDIA OREGANA",4,1,1,0,0,-1,-1
"4981",4981,"oreaa.us","PHLOX HOODII",4,2,1,3,1,1,0
"4987",4987,"oreaa.us","SEDUM STENOPETALUM",4,1.5,0.5,3.5,0.875,2,0.375
"4992",4992,"oreaa.us","TRIFOLIUM MACROCEPHALUM",4,0.5,0.5,0.5,0.5,0,0
"4997",4997,"oreaa.us","VENTENATA DUBIA",4,49,9.8,28,7,-21,-2.8
"5002",5002,"oreac.us","ACHILLEA MILLEFOLIUM",4,31,15.5,10,2,-21,-13.5
"5007",5007,"oreac.us","ACMISPON AMERICANUS",4,1,0.5,1,0.5,0,0
"5012",5012,"oreac.us","ARTEMISIA ARBUSCULA",4,31,15.5,0,0,-31,-15.5
"5017",5017,"oreac.us","ARTEMISIA CANA",4,117,29.25,195,39,78,9.75
"5023",5023,"oreac.us","BROMUS JAPONICUS",4,92.5,18.5,122.5,24.5,30,6
"5030",5030,"oreac.us","COLLINSIA PARVIFLORA",4,2,0.5,1.5,0.5,-0.5,0
"5035",5035,"oreac.us","COLLOMIA GRANDIFLORA",4,2.5,0.5,2,0.666666666666667,-0.5,0.166666666666667
"5040",5040,"oreac.us","DRABA VERNA",4,0.5,0.5,0,0,-0.5,-0.5
"5045",5045,"oreac.us","ELYMUS ELYMOIDES",4,4.5,2.25,4.5,2.25,0,0
"5050",5050,"oreac.us","EPILOBIUM BRACHYCARPUM",4,1.5,0.5,2,0.5,0.5,0
"5054",5054,"oreac.us","ERIOPHYLLUM LANATUM var. LEUCOPHYLLUM",4,0,0,10.5,10.5,10.5,10.5
"5059",5059,"oreac.us","FESTUCA IDAHOENSIS",4,61.5,20.5,45,11.25,-16.5,-9.25
"5067",5067,"oreac.us","PERIDERIDIA OREGANA",4,12.5,2.5,15,3,2.5,0.5
"5071",5071,"oreac.us","POA BULBOSA",4,21,10.5,0,0,-21,-10.5
"5076",5076,"oreac.us","POA SECUNDA",4,21,10.5,3.5,3.5,-17.5,-7
"5077",5077,"oreac.us","TRAGOPOGON DUBIUS",4,1,1,0,0,-1,-1
"5082",5082,"oreac.us","TRIFOLIUM MACROCEPHALUM",4,0,0,10.5,10.5,10.5,10.5
"5087",5087,"oreac.us","VENTENATA DUBIA",4,8,2,14.5,4.83333333333333,6.5,2.83333333333333
"5092",5092,"paike.ar","ACAENA PINNATIFIDA",4,0,0,4,2,4,2
"5097",5097,"paike.ar","ACAENA POEPPIGIANA",4,5,1.66666666666667,3,1.5,-2,-0.166666666666667
"5102",5102,"paike.ar","ADESMIA LOTOIDES",4,2,1,0,0,-2,-1
"5107",5107,"paike.ar","AGROSTIS INCONSPICUA",4,1,1,1,1,0,0
"5116",5116,"paike.ar","ARMERIA MARITIMA",4,3,1,2,1,-1,0
"5121",5121,"paike.ar","AZORELLA FUEGIANA",4,1,1,6,3,5,2
"5126",5126,"paike.ar","AZORELLA MONANTHA",4,1,1,3,3,2,2
"5131",5131,"paike.ar","BROMUS SETIFOLIUS",4,0,0,2,1,2,1
"5136",5136,"paike.ar","CALCEOLARIA UNIFLORA",4,1,1,0,0,-1,-1
"5141",5141,"paike.ar","CAREX ANDINA",4,17,5.66666666666667,8,2.66666666666667,-9,-3
"5146",5146,"paike.ar","CERASTIUM ARVENSE",4,1,1,1,1,0,0
"5151",5151,"paike.ar","CLINOPODIUM DARWINII",4,3,1.5,5,2.5,2,1
"5156",5156,"paike.ar","COLOBANTHUS LYCOPODOIDES",4,3,1.5,2,1,-1,-0.5
"5161",5161,"paike.ar","DESCHAMPSIA CESPITOSA",4,1,1,0,0,-1,-1
"5166",5166,"paike.ar","ERIGERON PATAGONICUS",4,0,0,1,1,1,1
"5171",5171,"paike.ar","FESTUCA PYROGEA",4,26,8.66666666666667,11,3.66666666666667,-15,-5
"5176",5176,"paike.ar","HYPOCHAERIS INCANA",4,0,0,1,1,1,1
"5181",5181,"paike.ar","JUNELLIA ODONELLII",4,4,1.33333333333333,6,3,2,1.66666666666667
"5190",5190,"paike.ar","LEUCHERIA PURPUREA",4,1,1,1,1,0,0
"5195",5195,"paike.ar","LUZULA CHILENSIS",4,6,2,2,1,-4,-1
"5200",5200,"paike.ar","NARDOPHYLLUM BRYOIDES",4,20,6.66666666666667,23,7.66666666666667,3,1
"5205",5205,"paike.ar","NASSAUVIA ACULEATA",4,3,1,1,1,-2,0
"5210",5210,"paike.ar","NASSAUVIA DARWINII",4,2,1,2,2,0,1
"5215",5215,"paike.ar","OXALIS ENNEAPHYLLA",4,1,1,0,0,-1,-1
"5220",5220,"paike.ar","PEREZIA RECURVATA",4,10,3.33333333333333,17,5.66666666666667,7,2.33333333333333
"5225",5225,"paike.ar","POA SPICIFORMIS",4,44,14.6666666666667,27,9,-17,-5.66666666666667
"5230",5230,"paike.ar","POLYGALA DARWINIANA",4,0,0,4,1.33333333333333,4,1.33333333333333
"5235",5235,"paike.ar","RYTIDOSPERMA VIRESCENS",4,6,3,8,4,2,1
"5240",5240,"paike.ar","SENECIO LASEGUEI",4,1,1,0,0,-1,-1
"5245",5245,"paike.ar","SENECIO MISER",4,1,1,2,1,1,0
"5250",5250,"paike.ar","STIPA SPECIOSA",4,66,22,75,25,9,3
"5493",5493,"quilpie.au","CALOTIS HISPIDULA",4,36,12,14,4.66666666666667,-22,-7.33333333333333
"5496",5496,"quilpie.au","ENNEAPOGON AVENACEUS",4,7,7,9.5,3.16666666666667,2.5,-3.83333333333333
"5499",5499,"quilpie.au","MONACHATHER PARADOXUS",4,0.7,0.233333333333333,0.75,0.375,0.05,0.141666666666667
"5502",5502,"quilpie.au","SCLEROLAENA DIACANTHA",4,20,6.66666666666667,0,0,-20,-6.66666666666667
"5505",5505,"quilpie.au","SCLEROLAENA ERIACANTHA",4,1.5,0.75,1,1,-0.5,0.25
"5513",5513,"rhijn.nl","ALLIUM VINEALE",4,3,1.5,3,1.5,0,0
"5520",5520,"rhijn.nl","ANTHRISCUS SYLVESTRIS",4,2,2,2,2,0,0
"5525",5525,"rhijn.nl","ARRHENATHERUM ELATIUS",4,175,29.1666666666667,60,20,-115,-9.16666666666667
"5533",5533,"rhijn.nl","CENTAUREA JACEA",4,70,17.5,32,10.6666666666667,-38,-6.83333333333333
"5543",5543,"rhijn.nl","DACTYLIS GLOMERATA",4,95,23.75,80,26.6666666666667,-15,2.91666666666667
"5550",5550,"rhijn.nl","FESTUCA RUBRA",4,53,8.83333333333333,20,10,-33,1.16666666666667
"5555",5555,"rhijn.nl","GALIUM MOLLUGO",4,220,36.6666666666667,100,50,-120,13.3333333333333
"5560",5560,"rhijn.nl","HOLCUS LANATUS",4,40,13.3333333333333,12,6,-28,-7.33333333333333
"5570",5570,"rhijn.nl","LATHYRUS PRATENSIS",4,3,3,0,0,-3,-3
"5575",5575,"rhijn.nl","LEUCANTHEMUM VULGARE",4,6,3,4,2,-2,-1
"5585",5585,"rhijn.nl","PLANTAGO LANCEOLATA",4,12,4,4,2,-8,-2
"5589",5589,"rhijn.nl","POA PRATENSIS",4,3,1.5,0,0,-3,-1.5
"5594",5594,"rhijn.nl","POTENTILLA REPTANS",4,10,3.33333333333333,6,3,-4,-0.333333333333333
"5597",5597,"rhijn.nl","PRUNELLA VULGARIS",4,2,2,0,0,-2,-2
"5602",5602,"rhijn.nl","RANUNCULUS ACRIS",4,10,2.5,14,4.66666666666667,4,2.16666666666667
"5611",5611,"rhijn.nl","TARAXACUM TARAXACUM",4,3,1.5,1,1,-2,-0.5
"5618",5618,"rhijn.nl","TRISETUM FLAVESCENS",4,5,5,0,0,-5,-5
"6086",6086,"spvdrt.ar","CARDIONEMA RAMOSISSIMUM",4,3,1.5,1,1,-2,-0.5
"6092",6092,"spvdrt.ar","ERODIUM CICUTARIUM",4,11,3.66666666666667,7,3.5,-4,-0.166666666666667
"6098",6098,"spvdrt.ar","FACELIS RETUSA",4,25,8.33333333333333,5,2.5,-20,-5.83333333333333
"6104",6104,"spvdrt.ar","GALIUM RICHARDIANUM",4,4,2,0,0,-4,-2
"6110",6110,"spvdrt.ar","HOFFMANNSEGGIA TRIFOLIATA",4,1,1,0,0,-1,-1
"6115",6115,"spvdrt.ar","HORDEUM MURINUM",4,0,0,2,1,2,1
"6121",6121,"spvdrt.ar","HYPOCHAERIS RADICATA",4,1,1,0,0,-1,-1
"6127",6127,"spvdrt.ar","NASSELLA TENUIS",4,50,16.6666666666667,52,17.3333333333333,2,0.666666666666664
"6133",6133,"spvdrt.ar","NOTICASTRUM SERICEUM",4,8,2.66666666666667,15,7.5,7,4.83333333333333
"6138",6138,"spvdrt.ar","PANICUM URVILLEANUM",4,1,1,10,5,9,4
"6144",6144,"spvdrt.ar","PAPPOSTIPA SPECIOSA",4,11,5.5,2,2,-9,-3.5
"6152",6152,"spvdrt.ar","PLANTAGO PATAGONICA",4,34,11.3333333333333,3,1,-31,-10.3333333333333
"6162",6162,"spvdrt.ar","SCHISMUS BARBATUS",4,3,3,2,2,-1,-1
"6168",6168,"spvdrt.ar","SPOROBOLUS RIGENS",4,14,4.66666666666667,9,4.5,-5,-0.166666666666667
"6171",6171,"spvdrt.ar","VICIA PAMPICOLA",4,4,4,0,0,-4,-4
"6176",6176,"spvdrt.ar","VULPIA BROMOIDES",4,8,4,7,2.33333333333333,-1,-1.66666666666667
"6302",6302,"validate.fr","ALOPECURUS PRATENSIS",4,9,2.25,56,18.6666666666667,47,16.4166666666667
"6308",6308,"validate.fr","ARRHENATHERUM ELATIUS",4,102,25.5,127,25.4,25,-0.100000000000001
"6314",6314,"validate.fr","DACTYLIS GLOMERATA",4,80,16,61,15.25,-19,-0.75
"6320",6320,"validate.fr","LOLIUM PERENNE",4,33,8.25,0,0,-33,-8.25
"6326",6326,"validate.fr","POA PRATENSIS",4,98,19.6,117,23.4,19,3.8
"6332",6332,"validate.fr","TARAXACUM CAMPYLODES",4,12,4,3,1,-9,-3
"6338",6338,"validate.fr","TRISETUM FLAVESCENS",4,64,16,1,1,-63,-15
"6345",6345,"yarradrt.au","COMMELINA CYANEA",4,5,5,20,20,15,15
"6351",6351,"yarradrt.au","CYNODON DACTYLON",4,205,51.25,250,62.5,45,11.25
"6357",6357,"yarradrt.au","EHRHARTA STIPOIDES",4,12,4,24,6,12,2
"6362",6362,"yarradrt.au","ERAGROSTIS CURVULA",4,71,23.6666666666667,15,7.5,-56,-16.1666666666667
"6365",6365,"yarradrt.au","HYPOCHAERIS RADICATA",4,2,2,4,2,2,0
"6369",6369,"yarradrt.au","LOBELIA PURPURASCENS",4,20,20,0,0,-20,-20
"6371",6371,"yarradrt.au","PASPALUM NOTATUM",4,7,7,10,10,3,3
"6376",6376,"yarradrt.au","SENECIO MADAGASCARIENSIS",4,5,5,3,1.5,-2,-3.5
"6380",6380,"yarradrt.au","SETARIA PARVIFLORA",4,3,3,0,0,-3,-3
"6382",6382,"yarradrt.au","VICIA SATIVA",4,96,24,16,4,-80,-20
