"","site_code","Taxon","mean.after.control","mean.after.drought","after.cover.response","mean.before.control","mean.before.drought","before.cover.response","cover.change"
"1","allmendb.ch","ACHILLEA MILLEFOLIUM",1.83333333333333,1.25,-0.583333333333333,1.33333333333333,1.875,0.541666666666667,-1.125
"2","allmendb.ch","ASPERULA CYNANCHICA",0.25,0.25,0,0.25,0.25,0,0
"3","allmendb.ch","BRACHYPODIUM PINNATUM",18.5833333333333,13,-5.58333333333333,12,9.75,-2.25,-3.33333333333333
"4","allmendb.ch","BRIZA MEDIA",2.5,2.5,0,3.33333333333333,4.16666666666667,0.833333333333333,-0.833333333333333
"5","allmendb.ch","BROMUS ERECTUS",17.25,22.0833333333333,4.83333333333333,18,26.25,8.25,-3.41666666666667
"6","allmendb.ch","CAREX CARYOPHYLLEA",10.8333333333333,16.5,5.66666666666667,10.75,16.5,5.75,-0.0833333333333339
"7","allmendb.ch","CENTAUREA JACEA",2.33333333333333,1.5,-0.833333333333333,1.91666666666667,1.5,-0.416666666666667,-0.416666666666667
"8","allmendb.ch","CENTAUREA SCABIOSA",5.16666666666667,7.25,2.08333333333333,5.5,6.08333333333333,0.583333333333333,1.5
"9","allmendb.ch","CREPIS BIENNIS",1.75,0.5,-1.25,0.25,0.5,0.25,-1.5
"10","allmendb.ch","FESTUCA OVINA",2.25,0.833333333333333,-1.41666666666667,3.5,0.625,-2.875,1.45833333333333
"11","allmendb.ch","GLOBULARIA VULGARIS",1.75,0.375,-1.375,1.58333333333333,0.25,-1.33333333333333,-0.0416666666666665
"12","allmendb.ch","HELIANTHEMUM NUMMULARIUM var. GRANDIFLORUM",6.25,10.8333333333333,4.58333333333333,4.58333333333333,5.41666666666667,0.833333333333334,3.75
"13","allmendb.ch","HELICTOTRICHON PRATENSE",2.75,4.25,1.5,2.66666666666667,2.75,0.0833333333333335,1.41666666666667
"14","allmendb.ch","HIPPOCREPIS COMOSA",12.5,10.4166666666667,-2.08333333333333,7.5,5.83333333333333,-1.66666666666667,-0.416666666666667
"15","allmendb.ch","LEUCANTHEMUM VULGARE",1.375,1.5,0.125,1,0.75,-0.25,0.375
"16","allmendb.ch","LINUM CATHARTICUM",2.5,2.08333333333333,-0.416666666666667,4.58333333333333,3.25,-1.33333333333333,0.916666666666667
"17","allmendb.ch","PIMPINELLA SAXIFRAGA",2.5,2.41666666666667,-0.0833333333333335,4,2.5,-1.5,1.41666666666667
"18","allmendb.ch","PLANTAGO LANCEOLATA",0.25,1,0.75,0.25,0.375,0.125,0.625
"19","allmendb.ch","POTENTILLA GRANDIFLORA",0.916666666666667,0.666666666666667,-0.25,0.375,0.75,0.375,-0.625
"20","allmendb.ch","PRUNELLA VULGARIS",17.8333333333333,14.0833333333333,-3.75,13.5833333333333,9.16666666666667,-4.41666666666667,0.66666666666667
"21","allmendb.ch","RHINANTHUS MINOR",0.416666666666667,2,1.58333333333333,6.66666666666667,5.08333333333333,-1.58333333333333,3.16666666666667
"22","allmendb.ch","SALVIA PRATENSIS",1.125,3.25,2.125,1.5,2.375,0.875,1.25
"23","allmendb.ch","SANGUISORBA MINOR",2.66666666666667,2.5,-0.166666666666667,4.5,6.08333333333333,1.58333333333333,-1.75
"24","allmendb.ch","SCABIOSA COLUMBARIA",2.58333333333333,1,-1.58333333333333,1.33333333333333,1.5,0.166666666666667,-1.75
"25","allmendb.ch","TEUCRIUM CHAMAEDRYS",1,5.75,4.75,0.5,14.75,14.25,-9.5
"26","allmendb.ch","THYMUS SERPYLLUM",2.16666666666667,1.66666666666667,-0.5,2.41666666666667,2.16666666666667,-0.25,-0.25
"27","allmendb.ch","TRIFOLIUM MONTANUM",1,0.25,-0.75,0.25,0.25,0,-0.75
"28","allmendb.ch","TRIFOLIUM PRATENSE",1,0.75,-0.25,0.583333333333333,0.583333333333333,0,-0.25
"29","allmendo.ch","ACHILLEA MILLEFOLIUM",1.25,0.75,-0.5,0.75,1.375,0.625,-1.125
"30","allmendo.ch","ANTHYLLIS VULNERARIA",0.875,1.5,0.625,1,2.16666666666667,1.16666666666667,-0.541666666666667
"31","allmendo.ch","ASPERULA CYNANCHICA",0.416666666666667,2.375,1.95833333333333,0.375,1.375,1,0.958333333333333
"32","allmendo.ch","BRACHYPODIUM PINNATUM",3.58333333333333,6.08333333333333,2.5,6.25,5.83333333333333,-0.416666666666667,2.91666666666667
"33","allmendo.ch","BRIZA MEDIA",1.83333333333333,2.41666666666667,0.583333333333333,1.66666666666667,2.66666666666667,1,-0.416666666666667
"34","allmendo.ch","BROMUS ERECTUS",22.8333333333333,15.6666666666667,-7.16666666666667,17.25,16.5,-0.75,-6.41666666666667
"35","allmendo.ch","CAREX CARYOPHYLLEA",12.4166666666667,14.1666666666667,1.75,14.1666666666667,15.75,1.58333333333333,0.166666666666666
"36","allmendo.ch","CAREX FLACCA",1.5,1.5,0,1.75,5,3.25,-3.25
"37","allmendo.ch","CENTAUREA JACEA",1,2.25,1.25,1,0.583333333333333,-0.416666666666667,1.66666666666667
"38","allmendo.ch","CENTAUREA SCABIOSA",4.125,1.75,-2.375,3,1.58333333333333,-1.41666666666667,-0.958333333333333
"39","allmendo.ch","EUPHORBIA CYPARISSIAS",2.25,1.75,-0.5,2.25,0.25,-2,1.5
"40","allmendo.ch","FESTUCA OVINA",5.41666666666667,7.08333333333333,1.66666666666667,7.08333333333333,7.25,0.166666666666667,1.5
"41","allmendo.ch","GALIUM VERUM",1.75,0.875,-0.875,1.41666666666667,1.375,-0.0416666666666667,-0.833333333333333
"42","allmendo.ch","GLOBULARIA VULGARIS",0.583333333333333,1.33333333333333,0.75,0.375,0.375,0,0.75
"43","allmendo.ch","HELIANTHEMUM NUMMULARIUM var. GRANDIFLORUM",5.83333333333333,5.41666666666667,-0.416666666666666,3.66666666666667,4.16666666666667,0.5,-0.916666666666667
"44","allmendo.ch","HELICTOTRICHON PRATENSE",1.08333333333333,3.75,2.66666666666667,1.75,3.83333333333333,2.08333333333333,0.583333333333333
"45","allmendo.ch","HIPPOCREPIS COMOSA",5.33333333333333,2.83333333333333,-2.5,6.66666666666667,4.16666666666667,-2.5,4.44089209850063e-16
"46","allmendo.ch","LINUM CATHARTICUM",2.08333333333333,1.66666666666667,-0.416666666666667,5.41666666666667,6.25,0.833333333333333,-1.25
"47","allmendo.ch","LOTUS CORNICULATUS",0.625,0.375,-0.25,0.75,0.25,-0.5,0.25
"48","allmendo.ch","PIMPINELLA SAXIFRAGA",2.33333333333333,2.16666666666667,-0.166666666666667,1.91666666666667,2.25,0.333333333333333,-0.5
"49","allmendo.ch","PLANTAGO LANCEOLATA",0.75,0.75,0,0.416666666666667,0.25,-0.166666666666667,0.166666666666667
"50","allmendo.ch","POTENTILLA GRANDIFLORA",5.25,3.25,-2,1.75,0.416666666666667,-1.33333333333333,-0.666666666666667
"51","allmendo.ch","PRUNELLA VULGARIS",7.91666666666667,4.16666666666667,-3.75,5.75,6.25,0.5,-4.25
"52","allmendo.ch","RHINANTHUS MINOR",1.08333333333333,0.833333333333333,-0.25,2.33333333333333,3.41666666666667,1.08333333333333,-1.33333333333333
"53","allmendo.ch","SCABIOSA COLUMBARIA",0.25,1.625,1.375,0.416666666666667,1,0.583333333333333,0.791666666666667
"54","allmendo.ch","TEUCRIUM CHAMAEDRYS",3.83333333333333,2.58333333333333,-1.25,2.08333333333333,1.25,-0.833333333333333,-0.416666666666667
"55","allmendo.ch","THYMUS SERPYLLUM",1.5,1.83333333333333,0.333333333333333,1,0.416666666666667,-0.583333333333333,0.916666666666667
"56","allmendo.ch","TRIFOLIUM MONTANUM",0.666666666666667,0.5,-0.166666666666667,1.08333333333333,0.25,-0.833333333333333,0.666666666666667
"57","baddrt.de","APERA SPICA-VENTI",4.7625,9.36666666666667,4.60416666666667,1.775,7,5.225,-0.620833333333333
"58","baddrt.de","CIRSIUM ARVENSE",3.27777777777778,3.3,0.0222222222222221,10.5,12.6,2.1,-2.07777777777778
"59","baddrt.de","CREPIS BIENNIS",4.85714285714286,6.5,1.64285714285714,40.7,52,11.3,-9.65714285714285
"60","baddrt.de","CREPIS CAPILLARIS",1.61666666666667,9,7.38333333333333,3.55555555555556,5.4,1.84444444444444,5.53888888888889
"61","baddrt.de","EPILOBIUM TETRAGONUM",0.812,0.8,-0.012,5.7,7,1.3,-1.312
"62","baddrt.de","GALIUM APARINE",0.07,0.1,0.03,0.26,0.5,0.24,-0.21
"63","baddrt.de","PICRIS HIERACIOIDES",63,48,-15,33.7,23.2,-10.5,-4.5
"64","baddrt.de","SONCHUS ASPER",0.35,1,0.65,2,2.125,0.125,0.525
"65","baddrt.de","TARAXACUM TARAXACUM",2.24,7.06,4.82,7.25,8.75,1.5,3.32
"66","baddrt.de","VULPIA MYUROS",4.34285714285714,3.53333333333333,-0.80952380952381,1.33333333333333,80,78.6666666666667,-79.4761904761905
"67","biddulph.ca","ARTEMISIA FRIGIDA",5,2,-3,3,1,-2,-1
"68","biddulph.ca","FESTUCA ALTAICA",2,0.5,-1.5,0.666666666666667,2.16666666666667,1.5,-3
"69","biddulph.ca","PSORALEA LANCEOLATA",6.5,11,4.5,1.5,2,0.5,4
"70","biddulph.ca","ROSA ARKANSANA",8,1,-7,3,1,-2,-5
"71","biddulph.ca","STIPA COMATA",12.5,14.5,2,3.5,5.5,2,0
"72","brokenh.au","SCLEROLAENA DIACANTHA",1,1,0,1,1,0,0
"73","brokenh.au","SOLANUM ELLIPTICUM",1,1,0,2,2,0,0
"74","brookdale.ca","ACHILLEA MILLEFOLIUM",1,1.5,0.5,5,5,0,0.5
"75","brookdale.ca","ANDROPOGON GERARDII",2.875,2.611111111,-0.263888889,19.833333334,9,-10.833333334,10.569444445
"76","brookdale.ca","ANEMONASTRUM CANADENSE",2,2.4375,0.4375,6.94444444433333,9.16666666666667,2.22222222233333,-1.78472222233333
"77","brookdale.ca","ARTEMISIA LUDOVICIANA",1.25,1.95,0.7,12,9.1666666666,-2.8333333334,3.5333333334
"78","brookdale.ca","BROMUS INERMIS",3.1,3.65,0.55,9.6666666666,11.25,1.5833333334,-1.0333333334
"79","brookdale.ca","CIRSIUM ARVENSE",1.9,2.1333333332,0.2333333332,17.666666666,17.5,-0.166666666000001,0.399999999200001
"80","brookdale.ca","CYPRIPEDIUM PARVIFLORUM",1.25,1,-0.25,5,5,0,-0.25
"81","brookdale.ca","GALIUM BOREALE",1.2833333334,1.3333333334,0.0499999999999998,6.5,6.5,0,0.0499999999999998
"82","brookdale.ca","GLYCYRRHIZA LEPIDOTA",4.35,3.75,-0.6,25.166666666,18.5,-6.666666666,6.066666666
"83","brookdale.ca","POA PRATENSIS",6.55,6.25,-0.3,66,61,-5,4.7
"84","brookdale.ca","ROSA ACICULARIS",1.5166666666,1.5666666666,0.05,8.6666666666,8.5,-0.166666666599999,0.216666666599999
"85","brookdale.ca","SOLIDAGO CANADENSIS",2.4,2.9,0.5,27,30,3,-2.5
"86","brookdale.ca","SOLIDAGO RIGIDA",2.5,1.5,-1,5,5,0,-1
"87","brookdale.ca","THALICTRUM VENULOSUM",1,1.75,0.75,5,6.66666666666667,1.66666666666667,-0.916666666666667
"88","brookdale.ca","VICIA AMERICANA",1,1,0,5,5,0,0
"89","brookdale.ca","ZIZIA APTERA",2,1,-1,5,5,0,-1
"90","capmcd.us","DICHELOSTEMMA CAPITATUM",0.5,0.5,0,0.5,0.5,0,0
"91","capmcd.us","PECTOCARYA RECURVATA",5.21428571428571,2.85714285714286,-2.35714285714286,0.5,0.5,0,-2.35714285714286
"92","capmcd.us","PLANTAGO OVATA",8.71428571428571,23.7142857142857,15,0.583333333333333,1,0.416666666666667,14.5833333333333
"93","capmcd.us","PLANTAGO PATAGONICA",0.75,4,3.25,0.5,0.5,0,3.25
"94","capmcd.us","SCHISMUS ARABICUS",33.8571428571429,25.1428571428571,-8.71428571428571,71.4285714285714,70.2857142857143,-1.14285714285714,-7.57142857142857
"95","capwhite.us","LOGFIA ARIZONICA",0.928571428571428,4.7,3.77142857142857,2.42857142857143,0.833333333333333,-1.5952380952381,5.36666666666667
"96","capwhite.us","PECTOCARYA RECURVATA",0.5,0.5,0,0.5,0.875,0.375,-0.375
"97","capwhite.us","PHYSARIA GORDONII",0.5,0.5,0,2.33333333333333,4.6,2.26666666666667,-2.26666666666667
"98","capwhite.us","PLANTAGO OVATA",9.5,4.57142857142857,-4.92857142857143,1.42857142857143,2.85714285714286,1.42857142857143,-6.35714285714286
"99","capwhite.us","PLANTAGO PATAGONICA",1.5,1,-0.5,0.714285714285714,0.583333333333333,-0.130952380952381,-0.369047619047619
"100","capwhite.us","SCHISMUS ARABICUS",35.7142857142857,7.71428571428571,-28,24.7142857142857,32,7.28571428571428,-35.2857142857143
"101","cdpt_drt.us","ARTEMISIA FRIGIDA",4.66666666666667,11.5,6.83333333333333,6.2,12.5,6.3,0.533333333333334
"102","cdpt_drt.us","BOUTELOUA GRACILIS",15,12.8333333333333,-2.16666666666667,11.6666666666667,10.6666666666667,-1,-1.16666666666667
"103","cdpt_drt.us","BROMUS JAPONICUS",2,4,2,5.5,1,-4.5,6.5
"104","cdpt_drt.us","CAREX FILIFOLIA",18.5,19.1666666666667,0.666666666666668,20.1666666666667,20.5,0.333333333333332,0.333333333333336
"105","cdpt_drt.us","COREOPSIS TINCTORIA",3.5,2.25,-1.25,2,1.75,-0.25,-1
"106","cdpt_drt.us","DICHANTHELIUM OLIGOSANTHES",3,0.5,-2.5,1.25,2,0.75,-3.25
"107","cdpt_drt.us","GAURA COCCINEA",2,1,-1,0.1,0.5,0.4,-1.4
"108","cdpt_drt.us","HESPEROSTIPA COMATA",10.1666666666667,15.5,5.33333333333333,13.6666666666667,10.8333333333333,-2.83333333333333,8.16666666666667
"109","cdpt_drt.us","LIATRIS PUNCTATA",0.5,1,0.5,0.5,0.5,0,0.5
"110","cdpt_drt.us","LITHOSPERMUM INCISUM",2.75,2.16666666666667,-0.583333333333333,1.75,1.91666666666667,0.166666666666667,-0.75
"111","cdpt_drt.us","LYGODESMIA JUNCEA",1.2,0.55,-0.65,1,0.5,-0.5,-0.15
"112","cdpt_drt.us","MACHAERANTHERA PINNATIFIDA",0.3,0.1,-0.2,0.5,0.5,0,-0.2
"113","cdpt_drt.us","PSORALIDIUM TENUIFLORUM",1.66666666666667,6.36666666666667,4.7,0.3,10.2,9.9,-5.2
"114","cdpt_drt.us","SPHAERALCEA COCCINEA",1,1.9,0.9,0.666666666666667,0.9,0.233333333333333,0.666666666666667
"115","cdpt_drt.us","SPOROBOLUS CRYPTANDRUS",3,1.125,-1.875,7,1,-6,4.125
"116","cedarsav.us","AMORPHA CANESCENS",2.33333333333333,6.75,4.41666666666667,9.5,9.33333333333333,-0.166666666666666,4.58333333333333
"117","cedarsav.us","ANDROPOGON GERARDII",17.1428571428571,8.8,-8.34285714285714,7.66666666666667,9.75,2.08333333333333,-10.4261904761905
"118","cedarsav.us","ARTEMISIA LUDOVICIANA",1,1,0,1.6,3,1.4,-1.4
"119","cedarsav.us","COMANDRA UMBELLATA",9.66666666666667,6.66666666666667,-3,1.6,2,0.4,-3.4
"120","cedarsav.us","COREOPSIS PALMATA",27.5,6.66666666666667,-20.8333333333333,11,6,-5,-15.8333333333333
"121","cedarsav.us","EUTHAMIA GRAMINIFOLIA",4.33333333333333,4,-0.333333333333333,5.5,8,2.5,-2.83333333333333
"122","cedarsav.us","LATHYRUS VENOSUS",5,4.5,-0.5,4.9,4.75,-0.15,-0.35
"123","cedarsav.us","PANICUM ACUMINATUM",3,4,1,3.2,2,-1.2,2.2
"124","cedarsav.us","POA PRATENSIS",5.4,5.6,0.199999999999999,5.85714285714286,6.4,0.542857142857144,-0.342857142857144
"125","cedarsav.us","QUERCUS MACROCARPA",6,15,9,10,15,5,4
"126","cedarsav.us","SCHIZACHYRIUM SCOPARIUM",20.625,17,-3.625,14.2857142857143,16,1.71428571428571,-5.33928571428571
"127","cedarsav.us","SORGHASTRUM NUTANS",12.5,25,12.5,23.5,17.2,-6.3,18.8
"128","cedartrait.us","ACHILLEA MILLEFOLIUM",1,1,0,3.5,1,-2.5,2.5
"129","cedartrait.us","ANDROPOGON GERARDII",17,6.4,-10.6,13,5,-8,-2.6
"130","cedartrait.us","COREOPSIS PALMATA",25,13,-12,17.25,9,-8.25,-3.75
"131","cedartrait.us","DALEA VILLOSA",3.16666666666667,3,-0.166666666666667,10.3333333333333,5.75,-4.58333333333333,4.41666666666667
"132","cedartrait.us","KOELERIA MICRATHERA",5,4,-1,2,2.5,0.5,-1.5
"133","cedartrait.us","LESPEDEZA CAPITATA",2.33333333333333,2.75,0.416666666666667,5.3,9,3.7,-3.28333333333333
"134","cedartrait.us","LIATRIS ASPERA",8.42857142857143,11.8,3.37142857142857,8.55555555555556,13.5,4.94444444444444,-1.57301587301587
"135","cedartrait.us","MONARDA FISTULOSA",2,8,6,3,11,8,-2
"136","cedartrait.us","PETALOSTEMON CANDIDUS",1,1,0,1.625,1.5,-0.125,0.125
"137","cedartrait.us","PETALOSTEMON PURPUREUS",5.77777777777778,5.66666666666667,-0.111111111111111,9.1,8.7,-0.4,0.28888888888889
"138","cedartrait.us","POA PRATENSIS",4.125,2.6,-1.525,3.11111111111111,3.2,0.088888888888889,-1.61388888888889
"139","cedartrait.us","ROSA ARKANSANA",12,15,3,9,11,2,1
"140","cedartrait.us","SCHIZACHYRIUM SCOPARIUM",10.1111111111111,6,-4.11111111111111,9.55555555555556,7.4,-2.15555555555556,-1.95555555555556
"141","cedartrait.us","SOLIDAGO NEMORALIS",10,7,-3,10.1428571428571,12,1.85714285714286,-4.85714285714286
"142","cedartrait.us","SOLIDAGO RIGIDA",20,9,-11,12.3333333333333,9,-3.33333333333333,-7.66666666666667
"143","cedartrait.us","SORGHASTRUM NUTANS",15,2,-13,6.6,7.5,0.9,-13.9
"144","cerrillos.ar","ARISTIDA MENDOCINA",11.67,19.3766666666667,7.70666666666667,17.19,20.42,3.23,4.47666666666667
"145","cerrillos.ar","CORDOBIA ARGENTEA",16.4633333333333,8.75333333333333,-7.71,20.005,6.04333333333333,-13.9616666666667,6.25166666666667
"146","cerrillos.ar","GAYA PARVIFLORA",2.505,1.88,-0.625,5,4.38,-0.62,-0.00499999999999989
"147","cerrillos.ar","GOUINIA PARAGUAYENSIS",2.815,7.5,4.685,2.505,8.13,5.625,-0.94
"148","cerrillos.ar","LARREA DIVARICATA",32.2933333333333,19.5033333333333,-12.79,36.0433333333333,17.0866666666667,-18.9566666666667,6.16666666666667
"149","cerrillos.ar","PAPPOPHORUM KRAPOVICKASII",0.836666666666667,17.5033333333333,16.6666666666667,0.63,14.17,13.54,3.12666666666667
"150","cerrillos.ar","SETARIA PAMPEANA",20.0033333333333,3.75,-16.2533333333333,14.1666666666667,10,-4.16666666666667,-12.0866666666667
"151","chacra.ar","NASSELLA LONGIGLUMIS",50,36.6666666666667,-13.3333333333333,21.6666666666667,36.6666666666667,15,-28.3333333333333
"152","chacra.ar","NASSELLA TENUIS",1,3.5,2.5,10.5,5,-5.5,8
"153","chacra.ar","POA LIGULARIS",5,1,-4,3.83333333333333,1.5,-2.33333333333333,-1.66666666666667
"154","charleville.au","EREMOPHILA GILESII",45,46.6666666666667,1.66666666666666,41.6666666666667,35,-6.66666666666666,8.33333333333333
"155","ciempoz.es","GYPSOPHILA STRUTHIUM",4.6725,8.034,3.3615,1.08,3.145,2.065,1.2965
"156","ciempoz.es","HELIANTHEMUM SQUAMATUM",5.405,1.51416666666667,-3.89083333333333,0.67,1.1775,0.5075,-4.39833333333333
"157","ciempoz.es","LEPIDIUM SUBULATUM",15.9407142857143,12.9378571428571,-3.00285714285714,16.4085714285714,15.48,-0.928571428571427,-2.07428571428572
"158","ciempoz.es","THYMUS VULGARIS",8.52375,7.91416666666667,-0.609583333333333,8.98,8.71,-0.270000000000001,-0.339583333333332
"159","cmss.us","ASTRAGALUS MISER",6.33333333333333,2,-4.33333333333333,2,10,8,-12.3333333333333
"160","cmss.us","ELYMUS SPICATUS",12.5,10,-2.5,27.5,5,-22.5,20
"161","cmss.us","EREMOGONE CONGESTA",2,5,3,3.5,25,21.5,-18.5
"162","cmss.us","FESTUCA IDAHOENSIS",27.5,25,-2.5,13.5,5,-8.5,6
"163","cmss.us","SEDUM LANCEOLATUM",2,2,0,14,20,6,-6
"164","cobar.au","PTILOTUS ATRIPLICIFOLIUS",8.25,1.5,-6.75,3,1,-2,-4.75
"165","cobar.au","SCLEROLAENA DIACANTHA",1,1,0,3.33333333333333,5,1.66666666666667,-1.66666666666667
"166","cobar.au","STIPA SCABRA",3.5,12,8.5,4,1,-3,11.5
"167","cowidrt.ca","ANTHOXANTHUM ODORATUM",3.33333333333333,3.4,0.0666666666666664,8.5,7.2,-1.3,1.36666666666667
"168","cowidrt.ca","BROMUS STERILIS",13,3.33333333333333,-9.66666666666667,12,1.5,-10.5,0.833333333333334
"169","cowidrt.ca","CAMASSIA QUAMASH",3,5,2,3,1,-2,4
"170","cowidrt.ca","CAREX INOPS",6.25,3,-3.25,7.5,4,-3.5,0.25
"171","cowidrt.ca","CERASTIUM ARVENSE",2,1.5,-0.5,1.5,1.5,0,-0.5
"172","cowidrt.ca","CERASTIUM GLOMERATUM",1,1,0,3,1,-2,2
"173","cowidrt.ca","DACTYLIS GLOMERATA",6.75,4.25,-2.5,13.8,6.2,-7.6,5.1
"174","cowidrt.ca","DODECATHEON HENDERSONII",2.33333333333333,2.66666666666667,0.333333333333333,2.33333333333333,2.33333333333333,0,0.333333333333333
"175","cowidrt.ca","GALIUM APARINE",1,1,0,1,2.5,1.5,-1.5
"176","cowidrt.ca","GERANIUM MOLLE",3,3.5,0.5,1.5,2,0.5,0
"177","cowidrt.ca","LATHYRUS SPHAERICUS",2,1.5,-0.5,7,5,-2,1.5
"178","cowidrt.ca","LOMATIUM UTRICULATUM",9.5,3,-6.5,5,1.33333333333333,-3.66666666666667,-2.83333333333333
"179","cowidrt.ca","MELICA SUBULATA",8.33333333333333,17.5,9.16666666666667,9.33333333333333,19,9.66666666666667,-0.5
"180","cowidrt.ca","POA PRATENSIS",3.8,2.8,-1,6.2,2.4,-3.8,2.8
"181","cowidrt.ca","QUERCUS GARRYANA",3,4,1,3.5,4.5,1,0
"182","cowidrt.ca","RANUNCULUS OCCIDENTALIS",2,2,0,1,1,0,0
"183","cowidrt.ca","SANICULA CRASSICAULIS",2.5,7.33333333333333,4.83333333333333,2.33333333333333,5,2.66666666666667,2.16666666666667
"184","cowidrt.ca","SYMPHORICARPOS ALBUS",10.5,7.8,-2.7,16.25,11,-5.25,2.55
"185","cowidrt.ca","VALERIANA samolifolia",4,13,9,1.33333333333333,5.25,3.91666666666667,5.08333333333333
"186","cowidrt.ca","VALERIANELLA LOCUSTA",1.8,2.5,0.7,1.8,2,0.2,0.5
"187","cowidrt.ca","VERONICA ARVENSIS",1,1,0,1.33333333333333,1.33333333333333,0,0
"188","cowidrt.ca","VICIA HIRSUTA",1.8,2.25,0.45,3.6,3.4,-0.2,0.65
"189","cowidrt.ca","VICIA SATIVA",1,1.75,0.75,2.8,2.4,-0.4,1.15
"190","credoj.au","CUSCUTA PLANIFLORA",0.5,0.5,0,0.625,1,0.375,-0.375
"191","credoj.au","ENNEAPOGON CAERULESCENS",8.4,7.33333333333333,-1.06666666666667,17,16.5,-0.5,-0.566666666666667
"192","credoj.au","MAIREANA CARNOSA",4.8,1.4,-3.4,0.7,0.6,-0.1,-3.3
"193","credoj.au","MAIREANA SEDIFOLIA",1.875,3.4,1.525,1.4,5.375,3.975,-2.45
"194","credoj.au","MAIREANA TRICHOPTERA",0.5,0.5,0,0.5,0.5,0,0
"195","credoj.au","PTILOTUS OBOVATUS",2.25,0.75,-1.5,1.5,1,-0.5,-1
"196","credoj.au","RYTIDOSPERMA CAESPITOSUM",1.125,2.33333333333333,1.20833333333333,1,0.7,-0.3,1.50833333333333
"197","credoj.au","SALVIA VERBENACA",0.6,0.5,-0.1,2.2,0.8,-1.4,1.3
"198","credoj.au","STIPA NITIDA",0.5,8.5,8,0.5,6.83333333333333,6.33333333333333,1.66666666666667
"199","credoj.au","VITTADINIA EREMAEA",14.1,3.5,-10.6,2,1.3,-0.7,-9.9
"200","credom.au","CEPHALIPTERUM DRUMMONDII",20,1,-19,0.5,1,0.5,-19.5
"201","credom.au","ENNEAPOGON CAERULESCENS",11,7.5,-3.5,6.1,1.16666666666667,-4.93333333333333,1.43333333333333
"202","credom.au","ENNEAPOGON POLYPHYLLUS",0.666666666666667,1,0.333333333333333,1.125,0.75,-0.375,0.708333333333333
"203","credom.au","ERAGROSTIS DIELSII",1.25,0.5,-0.75,10.5,1,-9.5,8.75
"204","credom.au","GOODENIA MIMULOIDES",0.5,0.5,0,0.5,0.5,0,0
"205","credom.au","MAIREANA SEDIFOLIA",10.25,1,-9.25,10.1666666666667,1,-9.16666666666667,-0.0833333333333339
"206","credom.au","MAIREANA TRICHOPTERA",0.5,0.5,0,0.5,0.5,0,0
"207","credom.au","MEDICAGO MINIMA",5.75,2,-3.75,0.5,0.5,0,-3.75
"208","credom.au","PTILOTUS OBOVATUS",0.5,1.25,0.75,0.5,0.75,0.25,0.5
"209","credom.au","RYTIDOSPERMA CAESPITOSUM",0.625,0.5,-0.125,0.75,0.5,-0.25,0.125
"210","credom.au","SALVIA VERBENACA",1.4,0.8,-0.6,0.7,1.6,0.9,-1.5
"211","credom.au","STIPA NITIDA",0.5,4.125,3.625,0.75,5.5,4.75,-1.125
"212","credom.au","VITTADINIA EREMAEA",0.5,0.5,0,0.625,0.5,-0.125,0.125
"213","ebro.es","GENISTA SCORPIUS",14.5877868876667,5.560632001,-9.02715488666667,15.9444926676667,5.190912221,-10.7535804466667,1.72642556
"214","ebro.es","HELIANTHEMUM LAVANDULIFOLIUM",2.534224,2.69166761133333,0.157443611333334,1.612688,2.12697955566667,0.514291555666667,-0.356847944333333
"215","ebro.es","HELIANTHEMUM MARIFOLIUM",1.09352405566667,1.18580855566667,0.0922844999999999,0.817397777666667,0.913100222333333,0.0957024446666667,-0.00341794466666678
"216","ebro.es","HELICHRYSUM STOECHAS",0.0281435,0.2258025,0.197659,0.0270526665,0.1090833335,0.082030667,0.115628333
"217","ebro.es","HERNIARIA FRUTICOSA",0.857831333333333,0.613775555666667,-0.244055777666667,0.589631778,0.464549555666667,-0.125082222333333,-0.118973555333333
"218","ebro.es","LINUM SUFFRUTICOSUM",2.26493361133333,2.03222250033333,-0.232711111,1.02625600033333,1.37270466666667,0.346448666333333,-0.579159777333333
"219","ebro.es","POLYGALA RUPESTRIS",0.1915503335,0.494511111333333,0.302960777833333,0.0145444446666667,0.125664,0.111119555333333,0.1918412225
"220","ebro.es","ROSMARINUS OFFICINALIS",24.4980451783333,19.7574642233333,-4.740580955,24.4215766666667,17.9405722233333,-6.48100444333333,1.74042348833333
"221","ebro.es","TEUCRIUM CAPITATUM",1.13764135133333,0.152425777666667,-0.985215573666667,0.564906222333333,0.0728676665,-0.492038555833333,-0.493177017833333
"222","ebro.es","THYMUS VULGARIS",1.88843358233333,2.00895138866667,0.120517806333333,1.79245733333333,1.86081622233333,0.068358889,0.0521589173333332
"223","elvadrt.ee","ACHILLEA MILLEFOLIUM",2,6.66666666666667,4.66666666666667,5,3.66666666666667,-1.33333333333333,6
"224","elvadrt.ee","ANTHOXANTHUM ODORATUM",1.33333333333333,1.5,0.166666666666667,1.66666666666667,7.66666666666667,6,-5.83333333333333
"225","elvadrt.ee","BRIZA MEDIA",23.3333333333333,25,1.66666666666667,21.6666666666667,23.3333333333333,1.66666666666666,3.5527136788005e-15
"226","elvadrt.ee","CERASTIUM ARVENSE",1,1,0,1,1,0,0
"227","elvadrt.ee","DACTYLIS GLOMERATA",11.6666666666667,11.6666666666667,0,16.6666666666667,15,-1.66666666666667,1.66666666666667
"228","elvadrt.ee","EQUISETUM ARVENSE",1,1.33333333333333,0.333333333333333,2,1.66666666666667,-0.333333333333333,0.666666666666667
"229","elvadrt.ee","FESTUCA PRATENSIS",6.66666666666667,7.33333333333333,0.666666666666666,5,5.5,0.5,0.166666666666666
"230","elvadrt.ee","FESTUCA RUBRA",3,3,0,1.33333333333333,2,0.666666666666667,-0.666666666666667
"231","elvadrt.ee","FRAGARIA VESCA",14,12.3333333333333,-1.66666666666667,14.3333333333333,12.5,-1.83333333333333,0.166666666666668
"232","elvadrt.ee","HELICTOTRICHON PUBESCENS",1.33333333333333,1.5,0.166666666666667,4,7.5,3.5,-3.33333333333333
"233","elvadrt.ee","LATHYRUS PRATENSIS",20,5,-15,3,3,0,-15
"234","elvadrt.ee","LEONTODON HISPIDUS",6.33333333333333,4,-2.33333333333333,13.3333333333333,5.66666666666667,-7.66666666666667,5.33333333333333
"235","elvadrt.ee","LUZULA MULTIFLORA",2,3,1,5.66666666666667,6,0.333333333333333,0.666666666666667
"236","elvadrt.ee","MEDICAGO LUPULINA",7.33333333333333,3,-4.33333333333333,25,21.6666666666667,-3.33333333333333,-1
"237","elvadrt.ee","POA ANGUSTIFOLIA",1,1.5,0.5,1,1,0,0.5
"238","elvadrt.ee","POTENTILLA ANSERINA",1,1,0,1,6,5,-5
"239","elvadrt.ee","RANUNCULUS ACRIS",2,2,0,4.33333333333333,1.66666666666667,-2.66666666666667,2.66666666666667
"240","elvadrt.ee","RUMEX ACETOSA",1,1,0,1,1,0,0
"241","elvadrt.ee","STELLARIA GRAMINEA",1,1,0,1.5,2,0.5,-0.5
"242","elvadrt.ee","TRIFOLIUM REPENS",1,2,1,1,15,14,-13
"243","elvadrt.ee","VERONICA CHAMAEDRYS",1,1.5,0.5,1,1,0,0.5
"244","elvadrt.ee","VICIA CRACCA",4.33333333333333,1.33333333333333,-3,6.66666666666667,5,-1.66666666666667,-1.33333333333333
"245","elvadrt.ee","VICIA SEPIUM",2.33333333333333,1.66666666666667,-0.666666666666667,2,2,0,-0.666666666666667
"246","esw.ca","ERIGERON ANNUUS",1,1,0,1,1,0,0
"247","esw.ca","MEDICAGO LUPULINA",2,1.5,-0.5,1,1,0,-0.5
"248","esw.ca","SOLIDAGO CANADENSIS",50,27,-23,68.3333333333333,60,-8.33333333333333,-14.6666666666667
"249","esw.ca","SONCHUS ARVENSIS",3,2,-1,5,4,-1,0
"250","esw.ca","SYMPHYOTRICHUM LANCEOLATUM",3,1,-2,12.5,8,-4.5,2.5
"251","esw.ca","SYMPHYOTRICHUM NOVAE-ANGLIAE",1,1,0,7.5,1,-6.5,6.5
"252","esw.ca","TARAXACUM TARAXACUM",1,4.33333333333333,3.33333333333333,1,1,0,3.33333333333333
"253","esw.ca","TRIFOLIUM PRATENSE",3,12.3333333333333,9.33333333333333,10.3333333333333,11.6666666666667,1.33333333333333,8
"254","ethadb.au","ARISTIDA HOLATHERA",14.5,3,-11.5,2.75,1.5,-1.25,-10.25
"255","ethadb.au","ERIACHNE ARISTIDEA",4,2,-2,1.5,4,2.5,-4.5
"256","ethadb.au","TRIODIA BASEDOWII",36,31.5,-4.5,7,11,4,-8.5
"257","ethadn.au","TRIODIA BASEDOWII",49.3333333333333,49.3333333333333,0,34.6666666666667,37,2.33333333333334,-2.33333333333334
"258","falls.au","ASTEROLASIA TRYMALIOIDES",0.666666666666667,0.75,0.0833333333333334,0.5,0.75,0.25,-0.166666666666667
"259","falls.au","CAREX BREVICULMIS",0.666666666666667,0.75,0.0833333333333334,0.5,0.75,0.25,-0.166666666666667
"260","falls.au","CAREX HEBES",0.6,0.5,-0.1,0.5,0.666666666666667,0.166666666666667,-0.266666666666667
"261","falls.au","CELMISIA COSTINIANA",43.3333333333333,48.3333333333333,5,43.3333333333333,50,6.66666666666666,-1.66666666666666
"262","falls.au","ERIGERON BELLIDIOIDES",0.5,1,0.5,0.5,1,0.5,0
"263","falls.au","GREVILLEA AUSTRALIS",1,1,0,1,0.5,-0.5,0.5
"264","falls.au","HYPOCHAERIS RADICATA",0.9,0.833333333333333,-0.0666666666666667,0.666666666666667,0.666666666666667,0,-0.0666666666666667
"265","falls.au","PHEBALIUM SQUAMULOSUM",1.33333333333333,1,-0.333333333333333,1.33333333333333,0.5,-0.833333333333333,0.5
"266","falls.au","PIMELEA ALPINA",1.83333333333333,1.16666666666667,-0.666666666666667,2,0.833333333333333,-1.16666666666667,0.5
"267","falls.au","PLANTAGO EURYPHYLLA",1,1,0,1,0.5,-0.5,0.5
"268","falls.au","POA HIEMATA",45.8333333333333,41.6666666666667,-4.16666666666667,37.5,33.3333333333333,-4.16666666666666,-7.105427357601e-15
"269","falls.au","RUMEX ACETOSELLA",0.833333333333333,0.75,-0.0833333333333334,0.583333333333333,0.75,0.166666666666667,-0.25
"270","falls.au","TRISETUM SPICATUM",0.5,1,0.5,0.5,0.5,0,0.5
"271","falls.au","VIOLA BETONICIFOLIA",0.5,0.5,0,0.5,0.5,0,0
"272","gmgranite.us","CRYPTANTHA CIRCUMSCISSA",0.833333333333333,0.625,-0.208333333333333,0.5,0.5,0,-0.208333333333333
"273","gmgranite.us","ERIOGONUM MACULATUM",0.5,0.5,0,0.5,0.5,0,0
"274","gmgranite.us","ERODIUM CICUTARIUM",2.14285714285714,6.71428571428571,4.57142857142857,3.14285714285714,2.42857142857143,-0.714285714285714,5.28571428571429
"275","gmgranite.us","PECTOCARYA HETEROCARPA",3.07142857142857,2.8,-0.271428571428572,1,0.5,-0.5,0.228571428571428
"276","gmgranite.us","SCHISMUS BARBATUS",3.14285714285714,3.71428571428571,0.571428571428572,68.8571428571429,65.7142857142857,-3.14285714285715,3.71428571428572
"277","gmmolar.us","AMSINCKIA TESSELLATA",1,0.75,-0.25,0.625,1.375,0.75,-1
"278","gmmolar.us","BROMUS RUBENS",1.28571428571429,1.42857142857143,0.142857142857143,0.866666666666667,0.85,-0.0166666666666667,0.15952380952381
"279","gmmolar.us","CAMISSONIA PALMERI",0.5,0.5,0,0.5,0.5,0,0
"280","gmmolar.us","CENTROSTEGIA THURBERI",0.5,0.5,0,0.5,0.5,0,0
"281","gmmolar.us","CRYPTANTHA CIRCUMSCISSA",0.5,0.7,0.2,0.583333333333333,0.642857142857143,0.0595238095238095,0.14047619047619
"282","gmmolar.us","CRYPTANTHA PTEROCARYA",0.5,0.6,0.1,0.942857142857143,0.666666666666667,-0.276190476190476,0.376190476190476
"283","gmmolar.us","DICHELOSTEMMA CAPITATUM",0.5,0.5,0,0.583333333333333,0.5,-0.0833333333333334,0.0833333333333334
"284","gmmolar.us","ERIOGONUM MACULATUM",0.5,1,0.5,0.5,0.5,0,0.5
"285","gmmolar.us","ERIOPHYLLUM WALLACEI",1.85714285714286,0.571428571428571,-1.28571428571429,2,2.03333333333333,0.0333333333333332,-1.31904761904762
"286","gmmolar.us","ERODIUM CICUTARIUM",1.92857142857143,3.92857142857143,2,4.28571428571429,4.92857142857143,0.642857142857143,1.35714285714286
"287","gmmolar.us","PECTOCARYA HETEROCARPA",1.08333333333333,1.75,0.666666666666667,3.04285714285714,1.01666666666667,-2.02619047619048,2.69285714285714
"288","gmmolar.us","PECTOCARYA PLATYCARPA",0.5,0.5,0,1.11666666666667,0.6,-0.516666666666667,0.516666666666667
"289","gmmolar.us","PECTOCARYA RECURVATA",0.5,1,0.5,2.18571428571429,1.34285714285714,-0.842857142857143,1.34285714285714
"290","gmmolar.us","PLAGIOBOTHRYS ARIZONICUS",0.75,0.833333333333333,0.0833333333333334,0.5,0.5,0,0.0833333333333334
"291","hard.us","CHRYSOTHAMNUS VISCIDIFLORUS",9,19,10,16.6666666666667,25,8.33333333333333,1.66666666666667
"292","hard.us","PSEUDOROEGNERIA SPICATA",9,1,-8,25,34.375,9.375,-17.375
"293","hoide.de","CALLUNA VULGARIS",74.6666666666667,85,10.3333333333333,75,77.5,2.5,7.83333333333333
"294","hoide.de","CAREX ARENARIA",2.66666666666667,1.66666666666667,-1,4.5,3.5,-1,2.22044604925031e-16
"295","hoide.de","DESCHAMPSIA FLEXUOSA",8.66666666666667,3.66666666666667,-5,3.5,3.5,0,-5
"296","hoide.de","SALIX REPENS",1,15,14,1,25,24,-10
"297","hyide.de","CALLUNA VULGARIS",81.6666666666667,65.6666666666667,-16,80,73.3333333333333,-6.66666666666667,-9.33333333333333
"298","hyide.de","CAREX ARENARIA",2,1.33333333333333,-0.666666666666667,3,3.33333333333333,0.333333333333333,-1
"299","jilpanger.au","ACAENA ECHINATA",5.3,0.5,-4.8,1.8,0.5,-1.3,-3.5
"300","jilpanger.au","AIRA ELEGANTISSIMA",0.625,0.5,-0.125,0.75,0.5,-0.25,0.125
"301","jilpanger.au","BLENNOSPORA DRUMMONDII",0.5,0.5,0,0.5,0.5,0,0
"302","jilpanger.au","CALYTRIX TETRAGONA",0.75,8.5,7.75,1,5.5,4.5,3.25
"303","jilpanger.au","CHAMAESCILLA CORYMBOSA",1.75,0.5,-1.25,0.75,0.5,-0.25,-1
"304","jilpanger.au","CHRYSOCEPHALUM APICULATUM",10,10,0,10,1,-9,9
"305","jilpanger.au","Centrolepis ARISTATA",0.5,0.5,0,0.6,1,0.4,-0.4
"306","jilpanger.au","Centrolepis STRIGOSA",0.5,0.5,0,0.5,0.5,0,0
"307","jilpanger.au","DICHOPOGON STRICTUS",0.75,0.833333333333333,0.0833333333333334,0.7,0.666666666666667,-0.0333333333333333,0.116666666666667
"308","jilpanger.au","DROSERA GLANDULIGERA",0.5,0.5,0,0.5,0.5,0,0
"309","jilpanger.au","DROSERA HOOKERI",0.5,0.5,0,0.75,0.5,-0.25,0.25
"310","jilpanger.au","GNEPHOSIS DRUMMONDII",0.5,0.5,0,0.5,1,0.5,-0.5
"311","jilpanger.au","HYALOSPERMA DEMISSUM",0.7,0.5,-0.2,0.5,0.5,0,-0.2
"312","jilpanger.au","HYDROCOTYLE FOVEOLATA",0.5,0.5,0,0.5,0.5,0,0
"313","jilpanger.au","HYPOCHAERIS GLABRA",0.5,0.5,0,0.7,0.5,-0.2,0.2
"314","jilpanger.au","LEPIDOSPERMA CONGESTUM",0.5,0.5,0,0.5,0.5,0,0
"315","jilpanger.au","LOMANDRA NANA",0.5,0.666666666666667,0.166666666666667,0.666666666666667,0.5,-0.166666666666667,0.333333333333333
"316","jilpanger.au","MICROSERIS SCAPIGERA",0.5,0.5,0,0.5,0.5,0,0
"317","jilpanger.au","MILLOTIA MUELLERI",0.666666666666667,0.5,-0.166666666666667,0.5,0.5,0,-0.166666666666667
"318","jilpanger.au","MILLOTIA TENUIFOLIA",0.666666666666667,0.5,-0.166666666666667,0.5,0.5,0,-0.166666666666667
"319","jilpanger.au","NEURACHNE ALOPECUROIDEA",0.666666666666667,6.66666666666667,6,0.833333333333333,2,1.16666666666667,4.83333333333333
"320","jilpanger.au","PIMELEA HUMILIS",5,0.5,-4.5,1,1,0,-4.5
"321","jilpanger.au","QUINETIA URVILLEI",0.5,0.5,0,0.5,0.5,0,0
"322","jilpanger.au","ROMULEA ROSEA",0.5,0.5,0,0.5,0.5,0,0
"323","jilpanger.au","SCHOENUS APOGON",0.625,0.5,-0.125,0.625,1,0.375,-0.5
"324","jilpanger.au","STIPA VAGINATA",0.5,0.5,0,0.5,0.5,0,0
"325","jilpanger.au","VULPIA MYUROS",0.5,0.5,0,0.5,1,0.5,-0.5
"326","jilpanger.au","WAHLENBERGIA STRICTA",0.5,0.5,0,0.5,0.5,0,0
"327","jorndrt.us","CHONDROSUM ERIOPODUM",31.6666666666667,27.3333333333333,-4.33333333333334,39.3333333333333,29.6666666666667,-9.66666666666667,5.33333333333333
"328","jorndrt.us","PROSOPIS GLANDULOSA",7.33333333333333,3.33333333333333,-4,8,4,-4,4.44089209850063e-16
"329","jorndrt.us","SENNA BAUHINIOIDES",0.2,1.25,1.05,0.75,1,0.25,0.8
"330","jrnchi.us","ACOURTIA NANA",1.1698078,0.6207045,-0.5491033,0.9663452,2.4220811,1.4557359,-2.0048392
"331","jrnchi.us","CHONDROSUM ERIOPODUM",4.50248912,0.781912216666667,-3.72057690333333,14.49760331,15.41230289,0.914699580000001,-4.63527648333333
"332","jrnchi.us","CROTON POTTSII",2.71429473333333,1.746526875,-0.967767858333333,4.85079431428571,2.41631066666667,-2.43448364761905,1.46671578928571
"333","jrnchi.us","PHYSALIS HEDERIFOLIA",0.44768225,0.0687285,-0.37895375,0.69929288,0.41075845,-0.28853443,-0.09041932
"334","jrnchi.us","PROSOPIS GLANDULOSA",23.87850584,25.76329583,1.88478999,19.93100379,20.85139756,0.92039377,0.964396220000001
"335","kernb.ca","ACHILLEA MILLEFOLIUM",1.33333333333333,2.66666666666667,1.33333333333333,1,2,1,0.333333333333333
"336","kernb.ca","AGROSTIS SCABRA",3,1.33333333333333,-1.66666666666667,3.5,2.33333333333333,-1.16666666666667,-0.5
"337","kernb.ca","ANDROSACE SEPTENTRIONALIS",0.5,0.5,0,0.5,0.5,0,0
"338","kernb.ca","ARTEMISIA FRIGIDA",32,6.66666666666667,-25.3333333333333,2.16666666666667,0.5,-1.66666666666667,-23.6666666666667
"339","kernb.ca","ARTEMISIA LUDOVICIANA",1,3,2,1,12.5,11.5,-9.5
"340","kernb.ca","CERASTIUM ARVENSE",2.5,1.25,-1.25,2,0.5,-1.5,0.25
"341","kernb.ca","ELYMUS TRACHYCAULUS",0.5,7,6.5,0.5,3,2.5,4
"342","kernb.ca","FESTUCA ALTAICA",9,22.3333333333333,13.3333333333333,10.3333333333333,6.33333333333333,-4,17.3333333333333
"343","kernb.ca","LACTUCA TATARICA",2,1.25,-0.75,0.5,2,1.5,-2.25
"344","kernb.ca","ROSA ARKANSANA",1,5.66666666666667,4.66666666666667,0.75,2.5,1.75,2.91666666666667
"345","kernb.ca","SONCHUS ARVENSIS",1,1.25,0.25,1.5,0.833333333333333,-0.666666666666667,0.916666666666667
"346","kernb.ca","STIPA CURTISETA",2.33333333333333,1,-1.33333333333333,6.5,0.5,-6,4.66666666666667
"347","kernb.ca","SYMPHYOTRICHUM ERICOIDES",5,2,-3,2,0.5,-1.5,-1.5
"348","kernb.ca","TARAXACUM TARAXACUM",0.833333333333333,0.5,-0.333333333333333,0.666666666666667,1,0.333333333333333,-0.666666666666667
"349","kernb.ca","VICIA AMERICANA",0.5,1,0.5,0.5,0.5,0,0.5
"350","kernnu.ca","ARTEMISIA LUDOVICIANA",0.75,3,2.25,1,2,1,1.25
"351","kernnu.ca","CAMPANULA ROTUNDIFOLIA",0.5,0.5,0,0.5,0.5,0,0
"352","kernnu.ca","CIRSIUM ARVENSE",2.66666666666667,0.75,-1.91666666666667,1.5,2.66666666666667,1.16666666666667,-3.08333333333333
"353","kernnu.ca","ELYMUS TRACHYCAULUS",3.25,1.83333333333333,-1.41666666666667,0.833333333333333,3,2.16666666666667,-3.58333333333333
"354","kernnu.ca","FESTUCA ALTAICA",48.3333333333333,28.3333333333333,-20,10.3333333333333,11,0.666666666666666,-20.6666666666667
"355","kernnu.ca","GALIUM BOREALE",1,8,7,2,8,6,1
"356","kernnu.ca","ROSA ARKANSANA",1,9.25,8.25,1,2.5,1.5,6.75
"357","kernnu.ca","SONCHUS ARVENSIS",14,7.16666666666667,-6.83333333333333,1.16666666666667,2,0.833333333333333,-7.66666666666667
"358","kernnu.ca","STIPA CURTISETA",1,6,5,3.16666666666667,2.83333333333333,-0.333333333333333,5.33333333333333
"359","kernnu.ca","TARAXACUM TARAXACUM",1,1.16666666666667,0.166666666666667,1.16666666666667,1.16666666666667,0,0.166666666666667
"360","kiskun.hu","ARTEMISIA CAMPESTRIS",7,3,-4,5.25,2.25,-3,-1
"361","kiskun.hu","BASSIA LANIFLORA",0.125,0.0575,-0.0675,1.45,0.5525,-0.8975,0.83
"362","kiskun.hu","DIANTHUS SEROTINUS",8,3.5,-4.5,1.5,3.25,1.75,-6.25
"363","kiskun.hu","EUPHORBIA SEGUIERIANA",1.2,3,1.8,5,3.102,-1.898,3.698
"364","kiskun.hu","FESTUCA VAGINATA",17.4,17.6,0.200000000000003,12,10.2,-1.8,2
"365","kiskun.hu","FUMANA PROCUMBENS",6.83333333333333,3.25,-3.58333333333333,7,4,-3,-0.583333333333333
"366","kiskun.hu","HOLOSTEUM UMBELLATUM",0.702,0.04,-0.662,0.01,0.01,0,-0.662
"367","kiskun.hu","MINUARTIA GLOMERATA",0.2,0.07,-0.13,0.75,2,1.25,-1.38
"368","kiskun.hu","POLYGONUM ARENARIUM",0.124,0.028,-0.096,1.402,1.2,-0.202,0.106
"369","kiskun.hu","SECALE SYLVESTRE",0.0325,0.146,0.1135,0.436666666666667,1.175,0.738333333333333,-0.624833333333333
"370","kiskun.hu","STIPA PENNATA",8.4,6.2,-2.2,9.6,8.8,-0.799999999999999,-1.4
"371","kiskun.hu","SYRENIA CANA",0.1,0.15,0.05,0.17,0.25,0.08,-0.03
"372","konzadrt.us","AMBROSIA PSILOSTACHYA",21.6,11.8,-9.8,6.6,13,6.4,-16.2
"373","konzadrt.us","ANDROPOGON GERARDII",50,53.6,3.6,43.2,41,-2.2,5.8
"374","konzadrt.us","ARTEMISIA LUDOVICIANA",2,1,-1,1,1,0,-1
"375","konzadrt.us","BOUTELOUA CURTIPENDULA",2,3.5,1.5,18,21.5,3.5,-2
"376","konzadrt.us","SORGHASTRUM NUTANS",6,8.25,2.25,11.5,5.33333333333333,-6.16666666666667,8.41666666666667
"377","konzadrt.us","SYMPHYOTRICHUM ERICOIDES",36.6,35,-1.6,43,29.6,-13.4,11.8
"378","kranz.de","FAGUS SYLVATICA",50,50,0,50,50,0,0
"379","kranz.de","PICEA ABIES",50,50,0,50,50,0,0
"380","lygraint.no","AGROSTIS CANINA",1,1,0,1,1,0,0
"381","lygraint.no","AGROSTIS CAPILLARIS",1,1,0,2,1,-1,1
"382","lygraint.no","CALLUNA VULGARIS",84,78.3333333333333,-5.66666666666667,81.6666666666667,68.3333333333333,-13.3333333333333,7.66666666666667
"383","lygraint.no","EMPETRUM NIGRUM",6,2,-4,1.5,3,1.5,-5.5
"384","lygraint.no","ERICA TETRALIX",5.5,5.5,0,8,6,-2,2
"385","lygraint.no","FESTUCA VIVIPARA",3,2,-1,1,1,0,-1
"386","lygraint.no","GALIUM SAXATILE",3,1,-2,1,1,0,-2
"387","lygraint.no","HYLOCOMIUM SPLENDENS",7.66666666666667,27.3333333333333,19.6666666666667,27.3333333333333,40.5,13.1666666666667,6.5
"388","lygraint.no","HYPNUM JUTLANDICUM",45.3333333333333,37,-8.33333333333334,55,51.6666666666667,-3.33333333333334,-5
"389","lygraint.no","LYSIMACHIA EUROPAEA",2,1,-1,3,2.5,-0.5,-0.5
"390","lygraint.no","MOLINIA CAERULEA",1,6,5,1,1,0,5
"391","lygraint.no","PLEUROZIUM SCHREBERI",24.6666666666667,8,-16.6666666666667,10.6666666666667,7.66666666666667,-3,-13.6666666666667
"392","lygraint.no","POLYTRICHUM COMMUNE",10.3333333333333,2.66666666666667,-7.66666666666667,6.33333333333333,1.33333333333333,-5,-2.66666666666667
"393","lygraint.no","POTENTILLA ERECTA",2.66666666666667,2.33333333333333,-0.333333333333333,3,3,0,-0.333333333333333
"394","lygraint.no","RHYTIDIADELPHUS LOREUS",1,1,0,2,5.66666666666667,3.66666666666667,-3.66666666666667
"395","lygraint.no","RHYTIDIADELPHUS SQUARROSUS",1.5,2,0.5,4,1.33333333333333,-2.66666666666667,3.16666666666667
"396","lygraint.no","TRICHOPHORUM CESPITOSUM",6.5,11,4.5,4.66666666666667,7.66666666666667,3,1.5
"397","lygraint.no","VACCINIUM MYRTILLUS",5,2,-3,2,2,0,-3
"398","lygraint.no","VACCINIUM ULIGINOSUM",2,1,-1,1,1,0,-1
"399","lygraint.no","VACCINIUM VITIS-IDAEA",13,7,-6,12.6666666666667,9.33333333333333,-3.33333333333333,-2.66666666666667
"400","lygraold.no","AVENELLA FLEXUOSA",3,25,22,1.33333333333333,3,1.66666666666667,20.3333333333333
"401","lygraold.no","CALLUNA VULGARIS",66.6666666666667,83.3333333333333,16.6666666666667,70,70,0,16.6666666666667
"402","lygraold.no","CAREX NIGRA",6.66666666666667,7.33333333333333,0.666666666666667,6.33333333333333,4,-2.33333333333333,3
"403","lygraold.no","EMPETRUM NIGRUM",6.5,4.5,-2,4.5,3,-1.5,-0.5
"404","lygraold.no","ERICA TETRALIX",10.5,10,-0.5,7,6,-1,0.5
"405","lygraold.no","HYLOCOMIUM SPLENDENS",17.3333333333333,40,22.6666666666667,23.3333333333333,23.6666666666667,0.333333333333336,22.3333333333333
"406","lygraold.no","HYPNUM JUTLANDICUM",53.3333333333333,45,-8.33333333333334,55,53.3333333333333,-1.66666666666666,-6.66666666666667
"407","lygraold.no","MOLINIA CAERULEA",8,1.5,-6.5,6,6,0,-6.5
"408","lygraold.no","PLEUROZIUM SCHREBERI",14,2.33333333333333,-11.6666666666667,12.3333333333333,15,2.66666666666667,-14.3333333333333
"409","lygraold.no","POLYTRICHUM COMMUNE",1,5,4,4,3,-1,5
"410","lygraold.no","POTENTILLA ERECTA",3,3,0,5,2.33333333333333,-2.66666666666667,2.66666666666667
"411","lygraold.no","RHYTIDIADELPHUS LOREUS",4,3,-1,2,2,0,-1
"412","lygraold.no","RHYTIDIADELPHUS SQUARROSUS",1,1,0,2,1.66666666666667,-0.333333333333333,0.333333333333333
"413","lygraold.no","TRICHOPHORUM CESPITOSUM",12.5,12.5,0,4,7,3,-3
"414","lygraold.no","TRIENTALIS EUROPEA",1,1,0,1,1,0,0
"415","lygraold.no","VACCINIUM MYRTILLUS",3,15,12,2,8,6,6
"416","lygraold.no","VACCINIUM ULIGINOSUM",1,3.5,2.5,1,1,0,2.5
"417","lygraold.no","VACCINIUM VITIS-IDAEA",4.33333333333333,10.3333333333333,6,4.66666666666667,9,4.33333333333333,1.66666666666667
"418","marcdrt.ar","AGROSTIS MONTEVIDENSIS",8,5.5,-2.5,20,25,5,-7.5
"419","marcdrt.ar","AMBROSIA TENUIFOLIA",1.33333333333333,1,-0.333333333333333,18.25,6.25,-12,11.6666666666667
"420","marcdrt.ar","BROMUS CATHARTICUS",9.75,15,5.25,10.3333333333333,1.66666666666667,-8.66666666666667,13.9166666666667
"421","marcdrt.ar","CAREX SORORIA",1,1,0,1,1.66666666666667,0.666666666666667,-0.666666666666667
"422","marcdrt.ar","FESTUCA ARUNDINACEA",60,71.25,11.25,46.6666666666667,29,-17.6666666666667,28.9166666666667
"423","marcdrt.ar","HORDEUM PUSILLUM",1.5,1,-0.5,2.33333333333333,1.66666666666667,-0.666666666666667,0.166666666666667
"424","marcdrt.ar","HYDROCOTYLE BONARIENSIS",1.5,2.33333333333333,0.833333333333333,1,1.66666666666667,0.666666666666667,0.166666666666667
"425","marcdrt.ar","JUNCUS IMBRICATUS",1,2,1,1.33333333333333,1.25,-0.0833333333333333,1.08333333333333
"426","marcdrt.ar","LATHYRUS CRASSIPES",7,1,-6,2,6.66666666666667,4.66666666666667,-10.6666666666667
"427","marcdrt.ar","POA LANIGERA",10,2.75,-7.25,5.25,4.66666666666667,-0.583333333333333,-6.66666666666667
"428","marcdrt.ar","SPARTINA DENSIFLORA",15,23,8,18.75,18,-0.75,8.75
"429","marcdrt.ar","STENOTAPHRUM SECUNDATUM",1.5,2,0.5,3,2,-1,1.5
"430","matador.ca","ACHILLEA MILLEFOLIUM",0.5,1,0.5,0.75,0.5,-0.25,0.75
"431","matador.ca","ARTEMISIA FRIGIDA",2,1.33333333333333,-0.666666666666667,2.33333333333333,2.16666666666667,-0.166666666666667,-0.5
"432","matador.ca","CERASTIUM ARVENSE",3.5,0.75,-2.75,2.25,0.5,-1.75,-1
"433","matador.ca","COMANDRA UMBELLATA",5.25,3.5,-1.75,1.5,2.5,1,-2.75
"434","matador.ca","KOELERIA MACRANTHA",1.83333333333333,2.5,0.666666666666667,1.25,2,0.75,-0.0833333333333335
"435","matador.ca","KRASCHENINNIKOVIA LANATA",5.33333333333333,21,15.6666666666667,1.5,8,6.5,9.16666666666667
"436","matador.ca","LINUM RIGIDUM",1,1,0,0.5,0.5,0,0
"437","matador.ca","NASSELLA VIRIDULA",22.6666666666667,18.6666666666667,-4,10.6666666666667,7.33333333333333,-3.33333333333333,-0.666666666666667
"438","matador.ca","PASCOPYRUM SMITHII",3.66666666666667,5.33333333333333,1.66666666666667,3.33333333333333,6.66666666666667,3.33333333333333,-1.66666666666667
"439","matador.ca","SYMPHYOTRICHUM ERICOIDES",1,1,0,1,1,0,0
"440","matador.ca","VICIA AMERICANA",0.5,0.5,0,0.5,0.5,0,0
"441","mattheis.ca","AGROSTIS SCABRA",5,3,-2,3.5,3,-0.5,-1.5
"442","mattheis.ca","ARTEMISIA FRIGIDA",15,17.6,2.6,32,21,-11,13.6
"443","mattheis.ca","BOUTELOUA GRACILIS",25,26,1,15.4,18,2.6,-1.6
"444","mattheis.ca","GAURA COCCINEA",4.33333333333333,3.5,-0.833333333333333,1,2.33333333333333,1.33333333333333,-2.16666666666667
"445","mattheis.ca","HESPEROSTIPA COMATA",20,21,1,16,21.25,5.25,-4.25
"446","mattheis.ca","KOELERIA MACRANTHA",23.75,10,-13.75,5.5,12.3333333333333,6.83333333333333,-20.5833333333333
"447","mattheis.ca","LITHOSPERMUM INCISUM",5.5,10,4.5,10,1.5,-8.5,13
"448","mattheis.ca","TRAGOPOGON DUBIUS",3.8,1,-2.8,1,1,0,-2.8
"449","milparinka.au","ABUTILON HALOPHILUM",12.5,3,-9.5,12.5,3,-9.5,0
"450","milparinka.au","ASTREBLA LAPPACEA",21,21,0,25,17.5,-7.5,7.5
"451","milparinka.au","ASTREBLA PECTINATA",21,21,0,19,25,6,-6
"452","naposta.ar","AVENA BARBATA",15,20,5,5,5,0,5
"453","naposta.ar","DIPLOTAXIS TENUIFOLIA",5,5.33333333333333,0.333333333333333,2.33333333333333,1,-1.33333333333333,1.66666666666667
"454","naposta.ar","ERIGERON BLAKEI",1,10,9,1,1,0,9
"455","naposta.ar","NASSELLA NEESIANA",50,36.6666666666667,-13.3333333333333,68.3333333333333,57.5,-10.8333333333333,-2.50000000000001
"456","naposta.ar","NASSELLA TRICHOTOMA",20,25,5,10,16.6666666666667,6.66666666666667,-1.66666666666667
"457","nnss.us","ACAMPTOPAPPUS SHOCKLEYI",1.5120275,1.3774105,-0.134617,3.0864198,1.4285714,-1.6578484,1.5232314
"458","nnss.us","AMBROSIA DUMOSA",7.60434813,4.71178322,-2.89256491,9.93746907,8.48419605,-1.45327302,-1.43929189
"459","nnss.us","AMSINCKIA TESSELLATA",2.58048512,0.6739395,-1.90654562,1.28853131666667,1.52343265714286,0.23490134047619,-2.14144696047619
"460","nnss.us","BROMUS RUBENS",2.98615225,0.48253192,-2.50362033,0.319339488888889,0.4770241,0.157684611111111,-2.66130494111111
"461","nnss.us","BROMUS TECTORUM",4.38977668,0.882379228571429,-3.50739745142857,0.9656297375,1.142075,0.1764452625,-3.68384271392857
"462","nnss.us","CHAENACTIS FREMONTII",3.77588768888889,1.48180165,-2.29408603888889,2.24174178,3.23854468,0.9968029,-3.29088893888889
"463","nnss.us","CHORIZANTHE BREVICORNU",1.08313428,0.30563745,-0.77749683,1.19583637,0.6628863,-0.53295007,-0.24454676
"464","nnss.us","CHORIZANTHE RIGIDA",0.3472222,0.2061856,-0.1410366,0.296333533333333,0.0681663,-0.228167233333333,0.0871306333333333
"465","nnss.us","CHYLISMIA CLAVIFORMIS",0.2053388,0.2083333,0.00299450000000001,0.2020202,0.1612391,-0.0407811,0.0437756
"466","nnss.us","CRYPTANTHA CIRCUMSCISSA",1.06477779,0.27386215,-0.79091564,0.19404304,0.41422252,0.22017948,-1.01109512
"467","nnss.us","CRYPTANTHA INTERMEDIA",1.08326798571429,0.5414678,-0.541800185714286,0.273154155555556,0.5408999,0.267745744444444,-0.80954593015873
"468","nnss.us","DESCURAINIA PINNATA",0.640719866666667,0.433464428571429,-0.207255438095238,0.696307383333333,1.3852380625,0.688930679166667,-0.896186117261905
"469","nnss.us","EPHEDRA NEVADENSIS",2.65797925,2.308466225,-0.349513025,3.05210544285714,3.263065075,0.210959632142858,-0.560472657142857
"470","nnss.us","ERIOGONUM MACULATUM",1.56298824285714,0.6872779,-0.875710342857143,1.5137421,0.3792902,-1.1344519,0.258741557142857
"471","nnss.us","ERIOPHYLLUM PRINGLEI",1.57694249,0.154395725,-1.422546765,0.58499523,0.4966975,-0.08829773,-1.334249035
"472","nnss.us","GRAYIA SPINOSA",6.9210625,3.24872212,-3.67234038,5.146001,2.58690782,-2.55909318,-1.1132472
"473","nnss.us","LARREA TRIDENTATA",13.51947492,10.55421877,-2.96525615,15.55434442,13.27009487,-2.28424955,-0.6810066
"474","nnss.us","LOESELIASTRUM SCHOTTII",0.389588285714286,0.0687285,-0.320859785714286,0.0685167,0.27351615,0.20499945,-0.525859235714286
"475","nnss.us","LYCIUM PALLIDUM",5.1748451,2.77988473333333,-2.39496036666667,4.6258503,2.680278,-1.9455723,-0.449388066666666
"476","nnss.us","MALACOTHRIX GLABRATA",1.1655389,1.41346643,0.24792753,0.729655566666667,1.3735589,0.643903333333333,-0.395975803333333
"477","nnss.us","MENTZELIA ASPERA",2.61675768333333,0.27565495,-2.34110273333333,2.34398205714286,2.874968975,0.530986917857143,-2.87208965119048
"478","nnss.us","MONOPTILON BELLIDIFORME",0.1546705,0.3436426,0.1889721,0.1191883,0.13729085,0.01810255,0.17086955
"479","nnss.us","OXYTHECA PERFOLIATA",2.028706325,1.34504748333333,-0.683658841666666,0.89137666,0.766761557142857,-0.124615102857143,-0.559043738809524
"480","nnss.us","SCHISMUS ARABICUS",2.27615137,0.320392533333333,-1.95575883666667,0.3067008,0.25714855,-0.04955225,-1.90620658666667
"481","nplatte.us","BOUTELOUA GRACILIS",7.57142857142857,20.8,13.2285714285714,32.5,21,-11.5,24.7285714285714
"482","nplatte.us","BROMUS TECTORUM",6.33333333333333,14.1428571428571,7.80952380952381,13.2,40.3333333333333,27.1333333333333,-19.3238095238095
"483","nplatte.us","CAREX FILIFOLIA",14,18.125,4.125,36.125,41.875,5.75,-1.625
"484","octc.us","ARTEMISIA TRIDENTATA",16.27758363,16.77924463,0.501661000000002,16.81173785,18.96621009,2.15447224,-1.65281124
"485","octc.us","CERATOCEPHALA TESTICULATA",2.81872347777778,1.1921839,-1.62653957777778,1.17351,1.41641812857143,0.242908128571429,-1.86944770634921
"486","octc.us","ELYMUS ELYMOIDES",0.818374925,0.5475702,-0.270804725,1.1684448,0.970887933333333,-0.197556866666667,-0.0732478583333332
"487","octc.us","POA SECUNDA",16.50442414,14.82465954,-1.6797646,33.00967403,28.77115968,-4.23851435,2.55874975
"488","oreaa.us","ARTEMISIA ARBUSCULA",13.8333333333333,12.2,-1.63333333333333,26.3333333333333,30.6,4.26666666666667,-5.9
"489","oreaa.us","BLEPHARIPAPPUS SCABER",0.9,0.6,-0.3,0.7,0.7,0,-0.3
"490","oreaa.us","BROMUS JAPONICUS",0.5,0.5,0,0.625,2.25,1.625,-1.625
"491","oreaa.us","ELYMUS ELYMOIDES",3.75,7.7,3.95,3,6.9,3.9,0.0499999999999998
"492","oreaa.us","EPILOBIUM BRACHYCARPUM",1.5,0.9,-0.6,0.8,1,0.2,-0.8
"493","oreaa.us","ERIGERON BLOOMERI",5,2.25,-2.75,4.625,2.25,-2.375,-0.375
"494","oreaa.us","ERIOGONUM SPHAEROCEPHALUM",2.25,2.75,0.5,3.5,2.125,-1.375,1.875
"495","oreaa.us","FESTUCA IDAHOENSIS",7.7,9.1,1.4,16.5,6.9,-9.6,11
"496","oreaa.us","NAVARRETIA INTERTEXTA SSP. PROPINQUA",0.75,0.833333333333333,0.0833333333333334,0.833333333333333,1.25,0.416666666666667,-0.333333333333333
"497","oreaa.us","NOTHOCALAIS TROXIMOIDES",3.5,1.83333333333333,-1.66666666666667,2,1,-1,-0.666666666666667
"498","oreaa.us","PHLOX HOODII",3.5,1.625,-1.875,2.25,1.375,-0.875,-1
"499","oreaa.us","SEDUM STENOPETALUM",3.5,2.875,-0.625,2.66666666666667,2.875,0.208333333333333,-0.833333333333333
"500","oreaa.us","TRIFOLIUM MACROCEPHALUM",1,3.5,2.5,0.5,0.5,0,2.5
"501","oreaa.us","VENTENATA DUBIA",5.8,8.75,2.95,1.3,2,0.7,2.25
"502","oreac.us","ACHILLEA MILLEFOLIUM",2.66666666666667,1.83333333333333,-0.833333333333333,4.83333333333333,0.666666666666667,-4.16666666666667,3.33333333333333
"503","oreac.us","ACMISPON AMERICANUS",0.5,2,1.5,0.75,2,1.25,0.25
"504","oreac.us","ARTEMISIA CANA",21.25,34.5,13.25,30,52.5,22.5,-9.25
"505","oreac.us","BROMUS JAPONICUS",3,13.1,10.1,15.7,58.5,42.8,-32.7
"506","oreac.us","COLLOMIA GRANDIFLORA",2,2.25,0.25,1.66666666666667,3.5,1.83333333333333,-1.58333333333333
"507","oreac.us","ELYMUS ELYMOIDES",7,5.83333333333333,-1.16666666666667,17,2.875,-14.125,12.9583333333333
"508","oreac.us","EPILOBIUM BRACHYCARPUM",1.5,1.5,0,2.5,1.5,-1,1
"509","oreac.us","FESTUCA IDAHOENSIS",11.1,13.75,2.65,12.3,3.5,-8.8,11.45
"510","oreac.us","PERIDERIDIA OREGANA",4.9,3.8,-1.1,0.6,0.8,0.2,-1.3
"511","oreac.us","POA SECUNDA",3.5,3.5,0,10.5,1,-9.5,9.5
"512","paike.ar","ACAENA POEPPIGIANA",1,1,0,1,1,0,0
"513","paike.ar","AGROSTIS INCONSPICUA",1,1,0,1,1,0,0
"514","paike.ar","ARMERIA MARITIMA",1,1,0,1,1,0,0
"515","paike.ar","AZORELLA FUEGIANA",1,1.5,0.5,1,1.5,0.5,0
"516","paike.ar","AZORELLA MONANTHA",1,1,0,1,1,0,0
"517","paike.ar","CAREX ANDINA",6,3.66666666666667,-2.33333333333333,5.33333333333333,3.66666666666667,-1.66666666666667,-0.666666666666667
"518","paike.ar","CERASTIUM ARVENSE",1,1,0,1,1,0,0
"519","paike.ar","CLINOPODIUM DARWINII",1,1,0,1,1,0,0
"520","paike.ar","COLOBANTHUS LYCOPODOIDES",2,1.5,-0.5,2,1.5,-0.5,0
"521","paike.ar","DESCHAMPSIA CESPITOSA",1,1,0,1,1,0,0
"522","paike.ar","FESTUCA PYROGEA",9,5.66666666666667,-3.33333333333333,8.33333333333333,5.33333333333333,-3,-0.333333333333332
"523","paike.ar","JUNELLIA ODONELLII",1,1,0,1,1,0,0
"524","paike.ar","LEUCHERIA PURPUREA",1,1,0,1,1,0,0
"525","paike.ar","LUZULA CHILENSIS",2,1.5,-0.5,2,1.5,-0.5,0
"526","paike.ar","NARDOPHYLLUM BRYOIDES",6.66666666666667,6.33333333333333,-0.333333333333334,6.66666666666667,6.33333333333333,-0.333333333333334,0
"527","paike.ar","NASSAUVIA ACULEATA",1,1,0,1,1,0,0
"528","paike.ar","NASSAUVIA DARWINII",1,1,0,1,1,0,0
"529","paike.ar","OXALIS ENNEAPHYLLA",1,1,0,1,1,0,0
"530","paike.ar","PEREZIA RECURVATA",3,4.33333333333333,1.33333333333333,3,4.33333333333333,1.33333333333333,0
"531","paike.ar","POA SPICIFORMIS",15.3333333333333,12.3333333333333,-3,15,12.6666666666667,-2.33333333333333,-0.666666666666666
"532","paike.ar","RYTIDOSPERMA VIRESCENS",3.5,4.5,1,2.5,4.5,2,-1
"533","paike.ar","SENECIO MISER",1,1,0,1,1,0,0
"534","paike.ar","STIPA SPECIOSA",21.6666666666667,27,5.33333333333333,21.3333333333333,27,5.66666666666667,-0.333333333333336
"535","passogavia.it","AGROSTIS RUPESTRIS",2.5,1.7,-0.8,1.54,0.8,-0.74,-0.06
"536","passogavia.it","ALCHEMILLA PENTAPHYLLEA",35,53.8,18.8,32.6,48.6,16,2.8
"537","passogavia.it","CAREX CURVULA",40.6,42,1.4,47.6,47.4,-0.200000000000003,1.6
"538","passogavia.it","EUPHRASIA MINIMA",0.0125,0.01,-0.0025,0.1125,0.0233333333333333,-0.0891666666666667,0.0866666666666667
"539","passogavia.it","FESTUCA HALLERI",0.3,2,1.7,0.4,1,0.6,1.1
"540","passogavia.it","GNAPHALIUM SUPINUM",0.0533333333333333,0.075,0.0216666666666667,0.055,0.1,0.045,-0.0233333333333333
"541","passogavia.it","LEUCANTHEMOPSIS ALPINA",0.844,0.46,-0.384,2.302,1.38,-0.922,0.538
"542","passogavia.it","LIGUSTICUM MUTELLINA",12,46,34,14.5,30,15.5,18.5
"543","passogavia.it","OREOCHLOA DISTICHA",5.5,0.275,-5.225,5.5,0.75,-4.75,-0.475
"544","passogavia.it","PERSICARIA VIVIPARA",1.05,0.1,-0.95,1.025,0.02,-1.005,0.0549999999999998
"545","passogavia.it","PHYTEUMA HEMISPHAERICUM",2.4,2.3,-0.1,2,1.7,-0.3,0.2
"546","passogavia.it","POA ALPINA",2,3.16,1.16,1.5,4.002,2.502,-1.342
"547","passogavia.it","PRIMULA GLUTINOSA",0.98,0.75,-0.23,0.6,0.4,-0.2,-0.0300000000000001
"548","passogavia.it","SALIX HERBACEA",0.703333333333333,0.55,-0.153333333333333,1.40333333333333,0.9,-0.503333333333333,0.35
"549","passogavia.it","SCORZONEROIDES HELVETICA",3.96,1.8,-2.16,3.2,1.8,-1.4,-0.76
"550","passogavia.it","SOLDANELLA PUSILLA",10.08,13.6,3.52,16.7,20.6,3.9,-0.380000000000003
"551","purdue.us","ALCHEMILLA IDAEUS",28,37.5,9.5,10.6666666666667,18.25,7.58333333333333,1.91666666666667
"552","purdue.us","ANDROPOGON GERARDII",18.75,26.6666666666667,7.91666666666667,27.375,27.375,0,7.91666666666667
"553","purdue.us","DESMODIUM ILLINOENSE",13,19.75,6.75,10.5714285714286,17,6.42857142857143,0.321428571428571
"554","purdue.us","EUTHAMIA GRAMINIFOLIA",13,25,12,6.375,3.33333333333333,-3.04166666666667,15.0416666666667
"555","purdue.us","SOLIDAGO CANADENSIS",78.75,72.5,-6.25,28.125,37.75,9.625,-15.875
"556","purdue.us","SYMPHYOTRICHUM NOVAE-ANGLIAE",16.7142857142857,16.6666666666667,-0.0476190476190474,14.8571428571429,10.75,-4.10714285714286,4.05952380952381
"557","purdue.us","SYMPHYOTRICHUM PILOSUM",7.2,7.5,0.3,9.2,7.25,-1.95,2.25
"558","quilpie.au","ABUTILON HALOPHILUM",5.66666666666667,5,-0.666666666666667,21.6666666666667,18.3333333333333,-3.33333333333334,2.66666666666667
"559","quilpie.au","CENTIPEDA CUNNINGHAMII",4,3.33333333333333,-0.666666666666667,8,12.5,4.5,-5.16666666666667
"560","quilpie.au","ERAGROSTIS SETIFOLIA",2,2,0,1.5,2.66666666666667,1.16666666666667,-1.16666666666667
"561","quilpie.au","SCLEROLAENA DIACANTHA",3,3,0,3,6,3,-3
"562","rhijn.nl","ARRHENATHERUM ELATIUS",8.33333333333333,20,11.6666666666667,11.8333333333333,6.33333333333333,-5.5,17.1666666666667
"563","rhijn.nl","CENTAUREA JACEA",7,6.5,-0.5,1,25,24,-24.5
"564","rhijn.nl","DACTYLIS GLOMERATA",15.8333333333333,20,4.16666666666667,7,7,0,4.16666666666667
"565","rhijn.nl","FESTUCA RUBRA",40,25,-15,43.3333333333333,36.6666666666667,-6.66666666666667,-8.33333333333333
"566","rhijn.nl","GALIUM MOLLUGO",25.8333333333333,25,-0.833333333333332,22,19.6666666666667,-2.33333333333333,1.5
"567","rhijn.nl","HOLCUS LANATUS",8.4,6.66666666666667,-1.73333333333333,5.33333333333333,5,-0.333333333333333,-1.4
"568","rhijn.nl","LEUCANTHEMUM VULGARE",1,1,0,6,4,-2,2
"569","rhijn.nl","PLANTAGO LANCEOLATA",5.83333333333333,4,-1.83333333333333,12.5,10,-2.5,0.666666666666667
"570","rhijn.nl","POTENTILLA REPTANS",8,22.5,14.5,7,3,-4,18.5
"571","rhijn.nl","RANUNCULUS ACRIS",3,3,0,2.6,2,-0.6,0.6
"572","rhijn.nl","TARAXACUM TARAXACUM",1.5,1,-0.5,2,1,-1,0.5
"573","rhijn.nl","TRIFOLIUM PRATENSE",1,1,0,2,2,0,0
"574","rhijn.nl","VERONICA CHAMAEDRYS",2,4,2,3.66666666666667,10.6666666666667,7,-5
"575","sand.us","ARISTIDA STRICTA",26.6666666666667,27,0.333333333333332,14,23.3333333333333,9.33333333333333,-9
"576","sand.us","CHRYSOPSIS MARIANA",6,26.5,20.5,2.5,14,11.5,9
"577","sand.us","EUPHORBIA PUBENTISSIMA",3.66666666666667,5,1.33333333333333,12,8,-4,5.33333333333333
"578","sand.us","LIATRIS COKERI",26,14,-12,7,2,-5,-7
"579","sand.us","PARTHENIUM INTEGRIFOLIUM",4,5,1,4,20,16,-15
"580","sand.us","PINUS PALUSTRIS",1.66666666666667,3.66666666666667,2,1,6,5,-3
"581","sand.us","PITYOPSIS ASPERA",6,12.6666666666667,6.66666666666667,9,9,0,6.66666666666667
"582","sand.us","PTERIDIUM AQUILINUM",21.3333333333333,4.5,-16.8333333333333,23.3333333333333,14,-9.33333333333333,-7.5
"583","sand.us","SCHIZACHYRIUM SCOPARIUM",14,9,-5,6,7.5,1.5,-6.5
"584","sand.us","SERICOCARPUS ASTEROIDES",2,1,-1,2,3,1,-2
"585","sand.us","VACCINIUM TENELLUM",15.6666666666667,23.5,7.83333333333333,12.3333333333333,10.5,-1.83333333333333,9.66666666666667
"586","sclaudio.ar","FESTUCA ARUNDINACEA",68.75,78.75,10,94.75,100,5.25,4.75
"587","sclaudio.ar","SORGHUM HALEPENSE",10,15.25,5.25,5.33333333333333,5.83333333333333,0.5,4.75
"588","scruzh.us","BRIZA MAXIMA",26.74486566,39.30012252,12.55525686,7.50628706,18.0385227,10.53223564,2.02302122
"589","scruzh.us","HOLCUS LANATUS",13.7898687,14.5281933,0.738324600000002,1.86827473333333,2.90954463333333,1.0412699,-0.302945299999998
"590","scruzh.us","LINUM BIENNE",3.6585366,6.29785905,2.63932245,1.03356376666667,1.66123983333333,0.627676066666667,2.01164638333333
"591","scruzh.us","PLANTAGO LANCEOLATA",11.96570875,22.2222222,10.25651345,4.53320762,4.8785782,0.345370579999999,9.91114287
"592","scruzh.us","STIPA PULCHRA",27.69133725,8.2963652,-19.39497205,35.4581353666667,41.73103135,6.27289598333333,-25.6678680333333
"593","scruzh.us","VULPIA MYUROS",29.6485841333333,4.135648425,-25.5129357083333,4.8543689,33.4950132666667,28.6406443666667,-54.153580075
"594","scruzl.us","AVENA BARBATA",5.47244596666667,1.2195122,-4.25293376666667,41,30.6,-10.4,6.14706623333333
"595","scruzl.us","BROMUS DIANDRUS",11.6161616,1.2195122,-10.3966494,36.2,55.6,19.4,-29.7966494
"596","scruzl.us","CARDUUS PYCNOCEPHALUS",8.79587136666667,20.12987015,11.3339987833333,1.25,1,-0.25,11.5839987833333
"597","scruzl.us","GERANIUM DISSECTUM",20.95602862,3.79926223333333,-17.1567663866667,2.8,2.8,0,-17.1567663866667
"598","scruzl.us","LOLIUM PERENNE",8.35844886666667,3.0194805,-5.33896836666667,4,1,-3,-2.33896836666667
"599","scruzl.us","RAPHANUS SATIVUS",34.96364396,61.0981501,26.13450614,3.5,5.6,2.1,24.03450614
"600","scruzl.us","VULPIA MYUROS",31.556947675,22.72727275,-8.829674925,6,6,0,-8.829674925
"601","scruzm.us","AVENA BARBATA",75.91367574,66.17974404,-9.7339317,86.6924611,81.37091954,-5.32154156,-4.41239014
"602","scruzm.us","BRACHYPODIUM DISTACHYON",1.0416667,1.8348624,0.7931957,2.3809524,1.95238095,-0.42857145,1.22176715
"603","scruzm.us","BRIZA MAXIMA",2.45535715,3.6697248,1.21436765,6.44743045,9.40757406666667,2.96014361666667,-1.74577596666667
"604","scruzm.us","BROMUS DIANDRUS",2.25851305,2.1978022,-0.06071085,6.35743175,1.5048119,-4.85261985,4.791909
"605","scruzm.us","CARDUUS PYCNOCEPHALUS",6.8493151,7.11889028,0.26957518,1.7424088,2.76846785,1.02605905,-0.75648387
"606","scruzm.us","ESCHSCHOLZIA CALIFORNICA",7.29629878,4.35033026666667,-2.94596851333333,2.27999152,2.15223665,-0.12775487,-2.81821364333333
"607","scruzm.us","GERANIUM DISSECTUM",3.57737056666667,2.92613635,-0.651234216666666,2.8,2.8,0,-0.651234216666666
"608","scruzm.us","RAPHANUS SATIVUS",7.44020726,20.57703828,13.13683102,1.17663345,4.9528809,3.77624745,9.36058357
"609","sevblack.us","CHONDROSUM ERIOPODUM",18.0928571428571,7.42857142857143,-10.6642857142857,19.4071428571429,22.1428571428571,2.73571428571428,-13.4
"610","sevblack.us","EUPHORBIA LATA",0.5,0.5,0,0.5,3.48333333333333,2.98333333333333,-2.98333333333333
"611","sevblack.us","GUTIERREZIA SAROTHRAE",18.25,20,1.75,6.125,13.5,7.375,-5.625
"612","sevblack.us","HOFFMANNSEGGIA DREPANOCARPA",0.5,0.5,0,0.5,0.5,0,0
"613","sevblack.us","MUHLENBERGIA ARENICOLA",1,1,0,1,3.75,2.75,-2.75
"614","sevblue.us","CHONDROSUM ERIOPODUM",1.65,4.80833333333333,3.15833333333333,2.975,20,17.025,-13.8666666666667
"615","sevblue.us","CHONDROSUM GRACILE",14.3442857142857,9.42857142857143,-4.91571428571429,20.8071428571429,16.7142857142857,-4.09285714285714,-0.822857142857144
"616","sevmixed.us","CHONDROSUM ERIOPODUM",11.4142857142857,7.34285714285714,-4.07142857142857,12.6928571428571,19.1785714285714,6.48571428571428,-10.5571428571429
"617","sevmixed.us","CHONDROSUM GRACILE",4.975,1.65,-3.325,7.83333333333333,6.8,-1.03333333333333,-2.29166666666667
"618","sevmixed.us","HILARIA JAMESII",3.31428571428571,0.85,-2.46428571428571,5.4,6.925,1.525,-3.98928571428571
"619","sevmixed.us","MACHAERANTHERA PINNATIFIDA",0.5,0.5,0,0.833333333333333,0.5,-0.333333333333333,0.333333333333333
"620","sevmixed.us","SOLANUM ELAEAGNIFOLIUM",0.5,0.5,0,1.375,0.5,-0.875,0.875
"621","spvdrt.ar","CARDIONEMA RAMOSISSIMUM",1,1.66666666666667,0.666666666666667,1,1,0,0.666666666666667
"622","spvdrt.ar","GALIUM RICHARDIANUM",1,7,6,1,1,0,6
"623","spvdrt.ar","HYPOCHAERIS RADICATA",2.66666666666667,3,0.333333333333333,1,1,0,0.333333333333333
"624","spvdrt.ar","NASSELLA TENUIS",15.6666666666667,16.6666666666667,1,2,1.66666666666667,-0.333333333333333,1.33333333333334
"625","spvdrt.ar","NOTICASTRUM SERICEUM",1,4,3,1,1,0,3
"626","spvdrt.ar","PANICUM URVILLEANUM",3,2.5,-0.5,2,1.5,-0.5,0
"627","spvdrt.ar","PAPPOSTIPA SPECIOSA",1.5,1.33333333333333,-0.166666666666667,2,1,-1,0.833333333333333
"628","spvdrt.ar","PLANTAGO PATAGONICA",2,1,-1,1,1,0,-1
"629","spvdrt.ar","SCHISMUS BARBATUS",2.33333333333333,1.33333333333333,-1,1,1,0,-1
"630","spvdrt.ar","SPOROBOLUS RIGENS",5.66666666666667,16,10.3333333333333,1,3,2,8.33333333333333
"631","spvdrt.ar","VULPIA BROMOIDES",2,1,-1,1.33333333333333,1,-0.333333333333333,-0.666666666666667
"632","teshio.jp","ANTHOXANTHUM ODORATUM",16.6666666666667,14.5,-2.16666666666667,12.9,12.75,-0.15,-2.01666666666667
"633","teshio.jp","CALAMAGROSTIS EPIGEIOS",60.3,57.1,-3.2,61.6666666666667,53.5,-8.16666666666666,4.96666666666667
"634","teshio.jp","EQUISETUM ARVENSE",4,5.5,1.5,1,4,3,-1.5
"635","teshio.jp","GERANIUM THUNBERGII",8,4.5,-3.5,2,1,-1,-2.5
"636","teshio.jp","JUNCUS EFFUSUS",3,8,5,2,45,43,-38
"637","teshio.jp","PHALARIS ARUNDINACEA",25,12.5,-12.5,40,10,-30,17.5
"638","teshio.jp","PHRAGMITES AUSTRALIS",65,37.5,-27.5,22,3,-19,-8.5
"639","teshio.jp","POLYGONUM THUNBERGII",12.5,6.25,-6.25,30,4,-26,19.75
"640","teshio.jp","RANUNCULUS REPENS",7,5,-2,5,2,-3,1
"641","teshio.jp","STELLARIA GRAMINEA",3.66666666666667,4.75,1.08333333333333,1.75,2,0.25,0.833333333333333
"642","ukulingadrt.za","CEPHALARIA PUNGENS",15.75,7,-8.75,1.66666666666667,2,0.333333333333333,-9.08333333333333
"643","ukulingadrt.za","CHAETACANTHUS BURCHELLII",2.66666666666667,7.5,4.83333333333333,1.66666666666667,3.33333333333333,1.66666666666667,3.16666666666667
"644","ukulingadrt.za","CYMBOPOGON CAESIUS",8.16666666666667,6.5,-1.66666666666667,9,12,3,-4.66666666666667
"645","ukulingadrt.za","DIHETEROPOGON AMPLECTENS",3,5,2,8,10.6666666666667,2.66666666666667,-0.666666666666666
"646","ukulingadrt.za","ERIOSEMA CORDATUM",13.5,2,-11.5,6,4.33333333333333,-1.66666666666667,-9.83333333333333
"647","ukulingadrt.za","HIBISCUS AETHIOPICUS",4.66666666666667,4.66666666666667,0,1.66666666666667,3,1.33333333333333,-1.33333333333333
"648","ukulingadrt.za","INDIGOFERA HILARIS",5,15,10,1,3,2,8
"649","ukulingadrt.za","SENECIO BUPLEUROIDES",8.16666666666667,7.33333333333333,-0.833333333333333,3,2,-1,0.166666666666667
"650","ukulingadrt.za","SENECIO CORONATUS",7.5,3,-4.5,1.5,2,0.5,-5
"651","ukulingadrt.za","THEMEDA TRIANDRA",11.3333333333333,15,3.66666666666667,31.6666666666667,30,-1.66666666666667,5.33333333333333
"652","ukulingadrt.za","THUNBERGIA ATRIPLICIFOLIA",11.5,35,23.5,3,3.5,0.5,23
"653","ukulingadrt.za","TRISTACHYA LEUCOTHRIX",30.5,46.6666666666667,16.1666666666667,46.6666666666667,42,-4.66666666666666,20.8333333333333
"654","yarradrt.au","CYNODON DACTYLON",51.25,47.5,-3.75,62.625,55.925,-6.7,2.95
"655","yarradrt.au","EHRHARTA STIPOIDES",10.75,61.25,50.5,8.47,35.45,26.98,23.52
"656","yarradrt.au","HYPOCHAERIS RADICATA",1,1,0,14.565,7.96666666666667,-6.59833333333333,6.59833333333333
"657","yarradrt.au","KYLLINGA ODORATA",1.5,1.25,-0.25,0.3,0.55,0.25,-0.5
"658","yarradrt.au","LOTUS CORNICULATUS",2,1,-1,1.94333333333333,0.75,-1.19333333333333,0.193333333333333
"659","yarradrt.au","SENECIO MADAGASCARIENSIS",2,15,13,0.5,0.3,-0.2,13.2
"660","yarradrt.au","SETARIA PARVIFLORA",21.25,3.33333333333333,-17.9166666666667,7.36,20.3333333333333,12.9733333333333,-30.89
